[
    {
        "hit_id": "regex_NZ_JBDMKB010000018__GCGTTTGTACCAGTAGTTATTGCTTAATCCACTG_28_36_GCGTTTGTACCAGTAGTTATTGCTTAATCCACTG_106",
        "reference_genome": "NZ_JBDMKB010000018",
        "chromosome": "1",
        "genomic_start": 19844,
        "genomic_end": 19877,
        "strand": "+",
        "motif_type": "regex",
        "motif_name": "_GCGTTTGTACCAGTAGTTATTGCTTAATCCACTG_28_36_GCGTTTGTACCAGTAGTTATTGCTTAATCCACTG",
        "motif_length": 34,
        "gapped_motif": "GCGTTTGTACCAGTAG-TTATTGCTTAATCCA-CTG",
        "gapped_start": 172,
        "gapped_end": 207,
        "ungapped_start": 107,
        "ungapped_end": 140,
        "motif": "GCGTTTGTACCAGTAGTTATTGCTTAATCCACTG",
        "motif_strand": "+",
        "conservation": {
            "value": 76.12,
            "other_genomes": [
                {
                    "genome_id": "NZ_JBDMKE010000002",
                    "chromosome": "1",
                    "genomic_start": 19844,
                    "genomic_end": 19877,
                    "strand": "+",
                    "aligned_sequence_gapped": "GCGTTTGTACCAGTAG-TTATTGCTTAATCCA-CTG",
                    "vector": "1111111111111111111111111111111111",
                    "conservation": "100.00%",
                    "gapped_start": 172,
                    "gapped_end": 207
                },
                {
                    "genome_id": "NZ_JBDMKG010000015",
                    "chromosome": "1",
                    "genomic_start": 19844,
                    "genomic_end": 19877,
                    "strand": "-",
                    "aligned_sequence_gapped": "GCGTTTGTACCAGTAG-TTATTGCTTAATCCA-CTG",
                    "vector": "1111111111111111111111111111111111",
                    "conservation": "100.00%",
                    "gapped_start": 172,
                    "gapped_end": 207
                },
                {
                    "genome_id": "NZ_JBDOTR010000004",
                    "chromosome": "1",
                    "genomic_start": 21944,
                    "genomic_end": 21976,
                    "strand": "-",
                    "aligned_sequence_gapped": "GAACGCG-ATCAGCGGCGTGGTG-TCCA-CCATCTG",
                    "vector": "1000001010111001001001101001011101",
                    "conservation": "47.06%",
                    "gapped_start": 172,
                    "gapped_end": 207
                },
                {
                    "genome_id": "NZ_JBDOTR010000004",
                    "chromosome": "1",
                    "genomic_start": 19933,
                    "genomic_end": 19966,
                    "strand": "-",
                    "aligned_sequence_gapped": "GCGTTTGTACCAGTAG-TTACTGCTTAATCCA-CTG",
                    "vector": "1111111111111111111011111111111111",
                    "conservation": "97.06%",
                    "gapped_start": 172,
                    "gapped_end": 207
                },
                {
                    "genome_id": "NZ_JBDOTQ010000001",
                    "chromosome": "1",
                    "genomic_start": 19949,
                    "genomic_end": 19982,
                    "strand": "+",
                    "aligned_sequence_gapped": "GCGTTTGTACCAGTAG-TTACTGCTTAATCCA-CTG",
                    "vector": "1111111111111111111011111111111111",
                    "conservation": "97.06%",
                    "gapped_start": 172,
                    "gapped_end": 207
                },
                {
                    "genome_id": "NZ_JBDOTQ010000001",
                    "chromosome": "1",
                    "genomic_start": 21960,
                    "genomic_end": 21992,
                    "strand": "+",
                    "aligned_sequence_gapped": "GAACGCG-ATCAGCGGCGTGGTG-TCCA-CCATCTG",
                    "vector": "1000001010111001001001101001011101",
                    "conservation": "47.06%",
                    "gapped_start": 172,
                    "gapped_end": 207
                },
                {
                    "genome_id": "NZ_FOLU01000014",
                    "chromosome": "1",
                    "genomic_start": 20116,
                    "genomic_end": 20130,
                    "strand": "+",
                    "aligned_sequence_gapped": "----TTG---C-------------TTAATCCA-CTG",
                    "vector": "0000111000100000000000011111111111",
                    "conservation": "44.12%",
                    "gapped_start": 172,
                    "gapped_end": 207
                },
                {
                    "genome_id": "NZ_JBDMKD010000015",
                    "chromosome": "1",
                    "genomic_start": 6481,
                    "genomic_end": 6514,
                    "strand": "+",
                    "aligned_sequence_gapped": "GCGTTTGTACCAGTAG-TTATTGCTTAATCCA-CTG",
                    "vector": "1111111111111111111111111111111111",
                    "conservation": "100.00%",
                    "gapped_start": 172,
                    "gapped_end": 207
                },
                {
                    "genome_id": "NZ_JBDMKF010000019",
                    "chromosome": "1",
                    "genomic_start": 12262,
                    "genomic_end": 12295,
                    "strand": "-",
                    "aligned_sequence_gapped": "GCGTTTGTACCAGTAG-TTATTGCTTAATCCA-CTG",
                    "vector": "1111111111111111111111111111111111",
                    "conservation": "100.00%",
                    "gapped_start": 172,
                    "gapped_end": 207
                },
                {
                    "genome_id": "NZ_BCXK01000011",
                    "chromosome": "1",
                    "genomic_start": 25330,
                    "genomic_end": 25344,
                    "strand": "-",
                    "aligned_sequence_gapped": "----TTG---C-------------TTAATCCA-CTG",
                    "vector": "0000111000100000000000011111111111",
                    "conservation": "44.12%",
                    "gapped_start": 172,
                    "gapped_end": 207
                },
                {
                    "genome_id": "NZ_NAQK01000005",
                    "chromosome": "1",
                    "genomic_start": 20527,
                    "genomic_end": 20541,
                    "strand": "+",
                    "aligned_sequence_gapped": "----TTG---C-------------TTAATCCA-CTG",
                    "vector": "0000111000100000000000011111111111",
                    "conservation": "44.12%",
                    "gapped_start": 172,
                    "gapped_end": 207
                },
                {
                    "genome_id": "NZ_QSRS01000002",
                    "chromosome": "1",
                    "genomic_start": 19893,
                    "genomic_end": 19926,
                    "strand": "-",
                    "aligned_sequence_gapped": "GCGTTTGTACCAGTAG-TTATTGCTTAATCCA-CTG",
                    "vector": "1111111111111111111111111111111111",
                    "conservation": "100.00%",
                    "gapped_start": 172,
                    "gapped_end": 207
                },
                {
                    "genome_id": "NZ_JADPEE010000014",
                    "chromosome": "1",
                    "genomic_start": 19947,
                    "genomic_end": 19980,
                    "strand": "-",
                    "aligned_sequence_gapped": "GCGTTTGTACCAGTAG-TTATTGCTTAATCCA-CTG",
                    "vector": "1111111111111111111111111111111111",
                    "conservation": "100.00%",
                    "gapped_start": 172,
                    "gapped_end": 207
                },
                {
                    "genome_id": "NZ_JACTOD010000009",
                    "chromosome": "1",
                    "genomic_start": 23887,
                    "genomic_end": 23903,
                    "strand": "+",
                    "aligned_sequence_gapped": "GAGCCCG---C---------------GATCTC-CTG",
                    "vector": "1010001000100000000000000011100111",
                    "conservation": "29.41%",
                    "gapped_start": 172,
                    "gapped_end": 207
                },
                {
                    "genome_id": "NZ_JAQKKD010000014",
                    "chromosome": "1",
                    "genomic_start": 19947,
                    "genomic_end": 19980,
                    "strand": "-",
                    "aligned_sequence_gapped": "GCGTTTGTACCAGTAG-TTATTGCTTAATCCA-CTG",
                    "vector": "1111111111111111111111111111111111",
                    "conservation": "100.00%",
                    "gapped_start": 172,
                    "gapped_end": 207
                },
                {
                    "genome_id": "NZ_JBCFAF010000002",
                    "chromosome": "1",
                    "genomic_start": 19819,
                    "genomic_end": 19833,
                    "strand": "-",
                    "aligned_sequence_gapped": "----TTG---C-------------TTAATCCA-CTG",
                    "vector": "0000111000100000000000011111111111",
                    "conservation": "44.12%",
                    "gapped_start": 172,
                    "gapped_end": 207
                },
                {
                    "genome_id": "NZ_JBDMKC010000036",
                    "chromosome": "1",
                    "genomic_start": 19844,
                    "genomic_end": 19877,
                    "strand": "-",
                    "aligned_sequence_gapped": "GCGTTTGTACCAGTAG-TTATTGCTTAATCCA-CTG",
                    "vector": "1111111111111111111111111111111111",
                    "conservation": "100.00%",
                    "gapped_start": 172,
                    "gapped_end": 207
                }
            ]
        }
    }
]