[
    {
        "hit_id": "regex_NZ_WDOH01000005__CAAGTTTATCAAGAAGGGTAGAAGCTAATTCCCAGT_28_36_CAAGTTTATCAAGAAGGGTAGAAGCTAATTCCCAGT_rc_1",
        "reference_genome": "NZ_WDOH01000005",
        "chromosome": "1",
        "genomic_start": 264348,
        "genomic_end": 264383,
        "strand": "+",
        "motif_type": "regex",
        "motif_name": "_CAAGTTTATCAAGAAGGGTAGAAGCTAATTCCCAGT_28_36_CAAGTTTATCAAGAAGGGTAGAAGCTAATTCCCAGT",
        "motif_length": 36,
        "gapped_motif": "ACTGGGAATTAGCTTCTACCCTTCTTGATAAACTTG",
        "gapped_start": 2,
        "gapped_end": 37,
        "ungapped_start": 2,
        "ungapped_end": 37,
        "motif": "CAAGTTTATCAAGAAGGGTAGAAGCTAATTCCCAGT",
        "motif_strand": "-",
        "conservation": {
            "value": 100.0,
            "other_genomes": [
                {
                    "genome_id": "NZ_WDOL01000003",
                    "chromosome": "1",
                    "genomic_start": 264091,
                    "genomic_end": 264126,
                    "strand": "-",
                    "aligned_sequence_gapped": "ACTGGGAATTAGCTTCTACCCTTCTTGATAAACTTG",
                    "vector": "111111111111111111111111111111111111",
                    "conservation": "100.00%",
                    "gapped_start": 2,
                    "gapped_end": 37
                },
                {
                    "genome_id": "NZ_WDOF01000003",
                    "chromosome": "1",
                    "genomic_start": 264087,
                    "genomic_end": 264122,
                    "strand": "-",
                    "aligned_sequence_gapped": "ACTGGGAATTAGCTTCTACCCTTCTTGATAAACTTG",
                    "vector": "111111111111111111111111111111111111",
                    "conservation": "100.00%",
                    "gapped_start": 2,
                    "gapped_end": 37
                },
                {
                    "genome_id": "NZ_WDOG01000004",
                    "chromosome": "1",
                    "genomic_start": 264344,
                    "genomic_end": 264379,
                    "strand": "+",
                    "aligned_sequence_gapped": "ACTGGGAATTAGCTTCTACCCTTCTTGATAAACTTG",
                    "vector": "111111111111111111111111111111111111",
                    "conservation": "100.00%",
                    "gapped_start": 2,
                    "gapped_end": 37
                },
                {
                    "genome_id": "NZ_WDOI01000004",
                    "chromosome": "1",
                    "genomic_start": 103216,
                    "genomic_end": 103251,
                    "strand": "-",
                    "aligned_sequence_gapped": "ACTGGGAATTAGCTTCTACCCTTCTTGATAAACTTG",
                    "vector": "111111111111111111111111111111111111",
                    "conservation": "100.00%",
                    "gapped_start": 2,
                    "gapped_end": 37
                },
                {
                    "genome_id": "NZ_WDOJ01000006",
                    "chromosome": "1",
                    "genomic_start": 264025,
                    "genomic_end": 264060,
                    "strand": "+",
                    "aligned_sequence_gapped": "ACTGGGAATTAGCTTCTACCCTTCTTGATAAACTTG",
                    "vector": "111111111111111111111111111111111111",
                    "conservation": "100.00%",
                    "gapped_start": 2,
                    "gapped_end": 37
                },
                {
                    "genome_id": "NZ_WDOK01000003",
                    "chromosome": "1",
                    "genomic_start": 263837,
                    "genomic_end": 263872,
                    "strand": "-",
                    "aligned_sequence_gapped": "ACTGGGAATTAGCTTCTACCCTTCTTGATAAACTTG",
                    "vector": "111111111111111111111111111111111111",
                    "conservation": "100.00%",
                    "gapped_start": 2,
                    "gapped_end": 37
                },
                {
                    "genome_id": "NZ_WDOD01000002",
                    "chromosome": "1",
                    "genomic_start": 264088,
                    "genomic_end": 264123,
                    "strand": "-",
                    "aligned_sequence_gapped": "ACTGGGAATTAGCTTCTACCCTTCTTGATAAACTTG",
                    "vector": "111111111111111111111111111111111111",
                    "conservation": "100.00%",
                    "gapped_start": 2,
                    "gapped_end": 37
                },
                {
                    "genome_id": "NZ_WDOE01000003",
                    "chromosome": "1",
                    "genomic_start": 264070,
                    "genomic_end": 264105,
                    "strand": "-",
                    "aligned_sequence_gapped": "ACTGGGAATTAGCTTCTACCCTTCTTGATAAACTTG",
                    "vector": "111111111111111111111111111111111111",
                    "conservation": "100.00%",
                    "gapped_start": 2,
                    "gapped_end": 37
                },
                {
                    "genome_id": "NZ_RCXG01000004",
                    "chromosome": "1",
                    "genomic_start": 103216,
                    "genomic_end": 103251,
                    "strand": "-",
                    "aligned_sequence_gapped": "ACTGGGAATTAGCTTCTACCCTTCTTGATAAACTTG",
                    "vector": "111111111111111111111111111111111111",
                    "conservation": "100.00%",
                    "gapped_start": 2,
                    "gapped_end": 37
                }
            ]
        }
    }
]