[
    {
        "hit_id": "regex_NZ_JAQKIB010000003__GTTTCAGATGTGAATATTCGTAGCTTTTGAGGCCAC_28_36_GTTTCAGATGTGAATATTCGTAGCTTTTGAGGCCAC_rc_33",
        "reference_genome": "NZ_JAQKIB010000003",
        "chromosome": "1",
        "genomic_start": 52,
        "genomic_end": 87,
        "strand": "+",
        "motif_type": "regex",
        "motif_name": "_GTTTCAGATGTGAATATTCGTAGCTTTTGAGGCCAC_28_36_GTTTCAGATGTGAATATTCGTAGCTTTTGAGGCCAC",
        "motif_length": 36,
        "gapped_motif": "GTGGCCTCAAAAGCTACGAATATTCACATCTGAAAC",
        "gapped_start": 34,
        "gapped_end": 69,
        "ungapped_start": 34,
        "ungapped_end": 69,
        "motif": "GTTTCAGATGTGAATATTCGTAGCTTTTGAGGCCAC",
        "motif_strand": "-",
        "conservation": {
            "value": 100.0,
            "other_genomes": [
                {
                    "genome_id": "NZ_LR698991",
                    "chromosome": "1",
                    "genomic_start": 1655,
                    "genomic_end": 1690,
                    "strand": "-",
                    "aligned_sequence_gapped": "GTGGCCTCAAAAGCTACGAATATTCACATCTGAAAC",
                    "vector": "111111111111111111111111111111111111",
                    "conservation": "100.00%",
                    "gapped_start": 34,
                    "gapped_end": 69
                },
                {
                    "genome_id": "NZ_JBDOUG010000003",
                    "chromosome": "1",
                    "genomic_start": 52,
                    "genomic_end": 87,
                    "strand": "+",
                    "aligned_sequence_gapped": "GTGGCCTCAAAAGCTACGAATATTCACATCTGAAAC",
                    "vector": "111111111111111111111111111111111111",
                    "conservation": "100.00%",
                    "gapped_start": 34,
                    "gapped_end": 69
                },
                {
                    "genome_id": "NZ_JBDOUF010000005",
                    "chromosome": "1",
                    "genomic_start": 52,
                    "genomic_end": 87,
                    "strand": "+",
                    "aligned_sequence_gapped": "GTGGCCTCAAAAGCTACGAATATTCACATCTGAAAC",
                    "vector": "111111111111111111111111111111111111",
                    "conservation": "100.00%",
                    "gapped_start": 34,
                    "gapped_end": 69
                },
                {
                    "genome_id": "NZ_JBDOUH010000004",
                    "chromosome": "1",
                    "genomic_start": 294,
                    "genomic_end": 329,
                    "strand": "+",
                    "aligned_sequence_gapped": "GTGGCCTCAAAAGCTACGAATATTCACATCTGAAAC",
                    "vector": "111111111111111111111111111111111111",
                    "conservation": "100.00%",
                    "gapped_start": 34,
                    "gapped_end": 69
                },
                {
                    "genome_id": "NZ_JBDOUD010000008",
                    "chromosome": "1",
                    "genomic_start": 52,
                    "genomic_end": 87,
                    "strand": "+",
                    "aligned_sequence_gapped": "GTGGCCTCAAAAGCTACGAATATTCACATCTGAAAC",
                    "vector": "111111111111111111111111111111111111",
                    "conservation": "100.00%",
                    "gapped_start": 34,
                    "gapped_end": 69
                },
                {
                    "genome_id": "NZ_JBDOUE010000003",
                    "chromosome": "1",
                    "genomic_start": 294,
                    "genomic_end": 329,
                    "strand": "+",
                    "aligned_sequence_gapped": "GTGGCCTCAAAAGCTACGAATATTCACATCTGAAAC",
                    "vector": "111111111111111111111111111111111111",
                    "conservation": "100.00%",
                    "gapped_start": 34,
                    "gapped_end": 69
                },
                {
                    "genome_id": "NZ_JBDOUC010000001",
                    "chromosome": "1",
                    "genomic_start": 294,
                    "genomic_end": 329,
                    "strand": "-",
                    "aligned_sequence_gapped": "GTGGCCTCAAAAGCTACGAATATTCACATCTGAAAC",
                    "vector": "111111111111111111111111111111111111",
                    "conservation": "100.00%",
                    "gapped_start": 34,
                    "gapped_end": 69
                },
                {
                    "genome_id": "NZ_JBDOUB010000001",
                    "chromosome": "1",
                    "genomic_start": 294,
                    "genomic_end": 329,
                    "strand": "-",
                    "aligned_sequence_gapped": "GTGGCCTCAAAAGCTACGAATATTCACATCTGAAAC",
                    "vector": "111111111111111111111111111111111111",
                    "conservation": "100.00%",
                    "gapped_start": 34,
                    "gapped_end": 69
                },
                {
                    "genome_id": "NZ_JAQKID010000007",
                    "chromosome": "1",
                    "genomic_start": 294,
                    "genomic_end": 329,
                    "strand": "+",
                    "aligned_sequence_gapped": "GTGGCCTCAAAAGCTACGAATATTCACATCTGAAAC",
                    "vector": "111111111111111111111111111111111111",
                    "conservation": "100.00%",
                    "gapped_start": 34,
                    "gapped_end": 69
                },
                {
                    "genome_id": "NZ_JAQKIC010000002",
                    "chromosome": "1",
                    "genomic_start": 52,
                    "genomic_end": 87,
                    "strand": "+",
                    "aligned_sequence_gapped": "GTGGCCTCAAAAGCTACGAATATTCACATCTGAAAC",
                    "vector": "111111111111111111111111111111111111",
                    "conservation": "100.00%",
                    "gapped_start": 34,
                    "gapped_end": 69
                },
                {
                    "genome_id": "NZ_JAQKIZ010000013",
                    "chromosome": "1",
                    "genomic_start": 52,
                    "genomic_end": 87,
                    "strand": "-",
                    "aligned_sequence_gapped": "GTGGCCTCAAAAGCTACGAATATTCACATCTGAAAC",
                    "vector": "111111111111111111111111111111111111",
                    "conservation": "100.00%",
                    "gapped_start": 34,
                    "gapped_end": 69
                },
                {
                    "genome_id": "NZ_JSDX01000008",
                    "chromosome": "1",
                    "genomic_start": 109971,
                    "genomic_end": 110006,
                    "strand": "+",
                    "aligned_sequence_gapped": "GTGGCCTCAAAAGCTACGAATATTCACATCTGAAAC",
                    "vector": "111111111111111111111111111111111111",
                    "conservation": "100.00%",
                    "gapped_start": 34,
                    "gapped_end": 69
                },
                {
                    "genome_id": "NZ_CP022723",
                    "chromosome": "1",
                    "genomic_start": 1655,
                    "genomic_end": 1690,
                    "strand": "-",
                    "aligned_sequence_gapped": "GTGGCCTCAAAAGCTACGAATATTCACATCTGAAAC",
                    "vector": "111111111111111111111111111111111111",
                    "conservation": "100.00%",
                    "gapped_start": 34,
                    "gapped_end": 69
                },
                {
                    "genome_id": "NZ_JADMYV010000001",
                    "chromosome": "1",
                    "genomic_start": 30,
                    "genomic_end": 65,
                    "strand": "+",
                    "aligned_sequence_gapped": "GTGGCCTCAAAAGCTACGAATATTCACATCTGAAAC",
                    "vector": "111111111111111111111111111111111111",
                    "conservation": "100.00%",
                    "gapped_start": 34,
                    "gapped_end": 69
                },
                {
                    "genome_id": "NZ_JADNCY010000012",
                    "chromosome": "1",
                    "genomic_start": 52,
                    "genomic_end": 87,
                    "strand": "-",
                    "aligned_sequence_gapped": "GTGGCCTCAAAAGCTACGAATATTCACATCTGAAAC",
                    "vector": "111111111111111111111111111111111111",
                    "conservation": "100.00%",
                    "gapped_start": 34,
                    "gapped_end": 69
                },
                {
                    "genome_id": "NZ_JAASHE010000001",
                    "chromosome": "1",
                    "genomic_start": 51,
                    "genomic_end": 86,
                    "strand": "-",
                    "aligned_sequence_gapped": "GTGGCCTCAAAAGCTACGAATATTCACATCTGAAAC",
                    "vector": "111111111111111111111111111111111111",
                    "conservation": "100.00%",
                    "gapped_start": 34,
                    "gapped_end": 69
                },
                {
                    "genome_id": "NZ_JAPWEA010000005",
                    "chromosome": "1",
                    "genomic_start": 102,
                    "genomic_end": 137,
                    "strand": "-",
                    "aligned_sequence_gapped": "GTGGCCTCAAAAGCTACGAATATTCACATCTGAAAC",
                    "vector": "111111111111111111111111111111111111",
                    "conservation": "100.00%",
                    "gapped_start": 34,
                    "gapped_end": 69
                },
                {
                    "genome_id": "NZ_JAPWDZ010000002",
                    "chromosome": "1",
                    "genomic_start": 102,
                    "genomic_end": 137,
                    "strand": "-",
                    "aligned_sequence_gapped": "GTGGCCTCAAAAGCTACGAATATTCACATCTGAAAC",
                    "vector": "111111111111111111111111111111111111",
                    "conservation": "100.00%",
                    "gapped_start": 34,
                    "gapped_end": 69
                },
                {
                    "genome_id": "NZ_JAQCPX010000019",
                    "chromosome": "1",
                    "genomic_start": 33,
                    "genomic_end": 68,
                    "strand": "+",
                    "aligned_sequence_gapped": "GTGGCCTCAAAAGCTACGAATATTCACATCTGAAAC",
                    "vector": "111111111111111111111111111111111111",
                    "conservation": "100.00%",
                    "gapped_start": 34,
                    "gapped_end": 69
                },
                {
                    "genome_id": "NZ_JAQKIY010000012",
                    "chromosome": "1",
                    "genomic_start": 52,
                    "genomic_end": 87,
                    "strand": "-",
                    "aligned_sequence_gapped": "GTGGCCTCAAAAGCTACGAATATTCACATCTGAAAC",
                    "vector": "111111111111111111111111111111111111",
                    "conservation": "100.00%",
                    "gapped_start": 34,
                    "gapped_end": 69
                },
                {
                    "genome_id": "NZ_JAQKJA010000013",
                    "chromosome": "1",
                    "genomic_start": 52,
                    "genomic_end": 87,
                    "strand": "-",
                    "aligned_sequence_gapped": "GTGGCCTCAAAAGCTACGAATATTCACATCTGAAAC",
                    "vector": "111111111111111111111111111111111111",
                    "conservation": "100.00%",
                    "gapped_start": 34,
                    "gapped_end": 69
                }
            ]
        }
    }
]