[
    {
        "hit_id": "regex_NZ_WDOJ01000006__ACCGAGAGATGCTGCCAACCACGATAAATAAACTGG_28_36_ACCGAGAGATGCTGCCAACCACGATAAATAAACTGG_6",
        "reference_genome": "NZ_WDOJ01000006",
        "chromosome": "1",
        "genomic_start": 263738,
        "genomic_end": 263773,
        "strand": "+",
        "motif_type": "regex",
        "motif_name": "_ACCGAGAGATGCTGCCAACCACGATAAATAAACTGG_28_36_ACCGAGAGATGCTGCCAACCACGATAAATAAACTGG",
        "motif_length": 36,
        "gapped_motif": "ACCGAGAGATGCTGCCAACCACGATAAATAAACTGG",
        "gapped_start": 7,
        "gapped_end": 42,
        "ungapped_start": 7,
        "ungapped_end": 42,
        "motif": "ACCGAGAGATGCTGCCAACCACGATAAATAAACTGG",
        "motif_strand": "+",
        "conservation": {
            "value": 100.0,
            "other_genomes": [
                {
                    "genome_id": "NZ_WDOH01000005",
                    "chromosome": "1",
                    "genomic_start": 264061,
                    "genomic_end": 264096,
                    "strand": "+",
                    "aligned_sequence_gapped": "ACCGAGAGATGCTGCCAACCACGATAAATAAACTGG",
                    "vector": "111111111111111111111111111111111111",
                    "conservation": "100.00%",
                    "gapped_start": 7,
                    "gapped_end": 42
                },
                {
                    "genome_id": "NZ_WDOG01000004",
                    "chromosome": "1",
                    "genomic_start": 264057,
                    "genomic_end": 264092,
                    "strand": "+",
                    "aligned_sequence_gapped": "ACCGAGAGATGCTGCCAACCACGATAAATAAACTGG",
                    "vector": "111111111111111111111111111111111111",
                    "conservation": "100.00%",
                    "gapped_start": 7,
                    "gapped_end": 42
                }
            ]
        }
    }
]