[
    {
        "hit_id": "regex_NC_014616__TGTTTCAGATGCCTGTCAGATCAATGACTTTGACCAC_28_36_TGTTTCAGATGCCTGTCAGATCAATGACTTTGACCAC_rc_69",
        "reference_genome": "NC_014616",
        "chromosome": "1",
        "genomic_start": 226790,
        "genomic_end": 226826,
        "strand": "+",
        "motif_type": "regex",
        "motif_name": "_TGTTTCAGATGCCTGTCAGATCAATGACTTTGACCAC_28_36_TGTTTCAGATGCCTGTCAGATCAATGACTTTGACCAC",
        "motif_length": 37,
        "gapped_motif": "GTGGTCAAAGTCATTGATCTGACAGGCATCTGAAACA",
        "gapped_start": 70,
        "gapped_end": 106,
        "ungapped_start": 70,
        "ungapped_end": 106,
        "motif": "TGTTTCAGATGCCTGTCAGATCAATGACTTTGACCAC",
        "motif_strand": "-",
        "conservation": {
            "value": 100.0,
            "other_genomes": [
                {
                    "genome_id": "NZ_JBBNGT010000004",
                    "chromosome": "1",
                    "genomic_start": 100556,
                    "genomic_end": 100592,
                    "strand": "-",
                    "aligned_sequence_gapped": "GTGGTCAAAGTCATTGATCTGACAGGCATCTGAAACA",
                    "vector": "1111111111111111111111111111111111111",
                    "conservation": "100.00%",
                    "gapped_start": 70,
                    "gapped_end": 106
                },
                {
                    "genome_id": "NZ_CP174189",
                    "chromosome": "1",
                    "genomic_start": 226510,
                    "genomic_end": 226546,
                    "strand": "+",
                    "aligned_sequence_gapped": "GTGGTCAAAGTCATTGATCTGACAGGCATCTGAAACA",
                    "vector": "1111111111111111111111111111111111111",
                    "conservation": "100.00%",
                    "gapped_start": 70,
                    "gapped_end": 106
                }
            ]
        }
    },
    {
        "hit_id": "regex_NC_014616__TGTTTCAGATGCCTGTCAGATCAATGACTTTGACCAC_28_36_TGTTTCAGATGCCTGTCAGATCAATGACTTTGACCAC_107",
        "reference_genome": "NC_014616",
        "chromosome": "1",
        "genomic_start": 1960515,
        "genomic_end": 1960551,
        "strand": "-",
        "motif_type": "regex",
        "motif_name": "_TGTTTCAGATGCCTGTCAGATCAATGACTTTGACCAC_28_36_TGTTTCAGATGCCTGTCAGATCAATGACTTTGACCAC",
        "motif_length": 37,
        "gapped_motif": "TGTTTCAGATGCCTGTCAGATCAATGACTTTGACCAC",
        "gapped_start": 110,
        "gapped_end": 146,
        "ungapped_start": 108,
        "ungapped_end": 144,
        "motif": "TGTTTCAGATGCCTGTCAGATCAATGACTTTGACCAC",
        "motif_strand": "-",
        "conservation": {
            "value": 78.92,
            "other_genomes": [
                {
                    "genome_id": "NZ_CP022723",
                    "chromosome": "1",
                    "genomic_start": 2306618,
                    "genomic_end": 2306641,
                    "strand": "+",
                    "aligned_sequence_gapped": "TGTTTCAGATGCCTGTCAG----AT--C----A--A-",
                    "vector": "1111111111111111111000011001000010010",
                    "conservation": "64.86%",
                    "gapped_start": 110,
                    "gapped_end": 146
                },
                {
                    "genome_id": "NZ_JAASHE010000001",
                    "chromosome": "1",
                    "genomic_start": 849652,
                    "genomic_end": 849675,
                    "strand": "+",
                    "aligned_sequence_gapped": "TGTTTCAGATGCCTGTCAG----AT--C----A--A-",
                    "vector": "1111111111111111111000011001000010010",
                    "conservation": "64.86%",
                    "gapped_start": 110,
                    "gapped_end": 146
                },
                {
                    "genome_id": "NZ_JBBNGT010000004",
                    "chromosome": "1",
                    "genomic_start": 72571,
                    "genomic_end": 72607,
                    "strand": "+",
                    "aligned_sequence_gapped": "TGTTTCAGATGCCTGTCAGATCAATGACTTTGACCAC",
                    "vector": "1111111111111111111111111111111111111",
                    "conservation": "100.00%",
                    "gapped_start": 110,
                    "gapped_end": 146
                },
                {
                    "genome_id": "NZ_CP174189",
                    "chromosome": "1",
                    "genomic_start": 1959215,
                    "genomic_end": 1959251,
                    "strand": "-",
                    "aligned_sequence_gapped": "TGTTTCAGATGCCTGTCAGATCAATGACTTTGACCAC",
                    "vector": "1111111111111111111111111111111111111",
                    "conservation": "100.00%",
                    "gapped_start": 110,
                    "gapped_end": 146
                },
                {
                    "genome_id": "NZ_LR698991",
                    "chromosome": "1",
                    "genomic_start": 2306618,
                    "genomic_end": 2306641,
                    "strand": "+",
                    "aligned_sequence_gapped": "TGTTTCAGATGCCTGTCAG----AT--C----A--A-",
                    "vector": "1111111111111111111000011001000010010",
                    "conservation": "64.86%",
                    "gapped_start": 110,
                    "gapped_end": 146
                }
            ]
        }
    },
    {
        "hit_id": "regex_NC_014616__TGTTTCAGATGCCTGTCAGATCAATGACTTTGACCAC_28_36_TGTTTCAGATGCCTGTCAGATCAATGACTTTGACCAC_41",
        "reference_genome": "NC_014616",
        "chromosome": "1",
        "genomic_start": 1959793,
        "genomic_end": 1959829,
        "strand": "-",
        "motif_type": "regex",
        "motif_name": "_TGTTTCAGATGCCTGTCAGATCAATGACTTTGACCAC_28_36_TGTTTCAGATGCCTGTCAGATCAATGACTTTGACCAC",
        "motif_length": 37,
        "gapped_motif": "TGTTTCAGATGCCTGTCAGATCAATGACTTTGACCAC",
        "gapped_start": 47,
        "gapped_end": 83,
        "ungapped_start": 42,
        "ungapped_end": 78,
        "motif": "TGTTTCAGATGCCTGTCAGATCAATGACTTTGACCAC",
        "motif_strand": "-",
        "conservation": {
            "value": 73.65,
            "other_genomes": [
                {
                    "genome_id": "NZ_LR698991",
                    "chromosome": "1",
                    "genomic_start": 1205,
                    "genomic_end": 1205,
                    "strand": "+",
                    "aligned_sequence_gapped": "-------------------------------G-----",
                    "vector": "0000000000000000000000000000000100000",
                    "conservation": "2.70%",
                    "gapped_start": 47,
                    "gapped_end": 83
                },
                {
                    "genome_id": "NZ_CP174189",
                    "chromosome": "1",
                    "genomic_start": 1958493,
                    "genomic_end": 1958529,
                    "strand": "-",
                    "aligned_sequence_gapped": "TGTTTCAGATGCCTGTCAGATCAATGACTTTGACCAC",
                    "vector": "1111111111111111111111111111111111111",
                    "conservation": "100.00%",
                    "gapped_start": 47,
                    "gapped_end": 83
                },
                {
                    "genome_id": "NZ_JBCOFT010000001",
                    "chromosome": "1",
                    "genomic_start": 100377,
                    "genomic_end": 100408,
                    "strand": "+",
                    "aligned_sequence_gapped": "GGTTTCAGATGCCTGTCAGATCAATGACTTTG-----",
                    "vector": "0111111111111111111111111111111100000",
                    "conservation": "83.78%",
                    "gapped_start": 47,
                    "gapped_end": 83
                },
                {
                    "genome_id": "NZ_JBCOFS010000002",
                    "chromosome": "1",
                    "genomic_start": 71585,
                    "genomic_end": 71616,
                    "strand": "+",
                    "aligned_sequence_gapped": "GGTTTCAGATGCCTGTCAGATCAATGACTTTG-----",
                    "vector": "0111111111111111111111111111111100000",
                    "conservation": "83.78%",
                    "gapped_start": 47,
                    "gapped_end": 83
                },
                {
                    "genome_id": "NZ_JBBNGT010000004",
                    "chromosome": "1",
                    "genomic_start": 71849,
                    "genomic_end": 71885,
                    "strand": "+",
                    "aligned_sequence_gapped": "TGTTTCAGATGCCTGTCAGATCAATGACTTTGACCAC",
                    "vector": "1111111111111111111111111111111111111",
                    "conservation": "100.00%",
                    "gapped_start": 47,
                    "gapped_end": 83
                },
                {
                    "genome_id": "NZ_JBDOUJ010000014",
                    "chromosome": "1",
                    "genomic_start": 9898,
                    "genomic_end": 9929,
                    "strand": "+",
                    "aligned_sequence_gapped": "GGTTTCAGATGCCTGTCAGATCAATGACTTTG-----",
                    "vector": "0111111111111111111111111111111100000",
                    "conservation": "83.78%",
                    "gapped_start": 47,
                    "gapped_end": 83
                },
                {
                    "genome_id": "NZ_JBDMTZ010000018",
                    "chromosome": "1",
                    "genomic_start": 9898,
                    "genomic_end": 9929,
                    "strand": "-",
                    "aligned_sequence_gapped": "GGTTTCAGATGCCTGTCAGATCAATGACTTTG-----",
                    "vector": "0111111111111111111111111111111100000",
                    "conservation": "83.78%",
                    "gapped_start": 47,
                    "gapped_end": 83
                },
                {
                    "genome_id": "NZ_JBDMTY010000017",
                    "chromosome": "1",
                    "genomic_start": 9832,
                    "genomic_end": 9863,
                    "strand": "+",
                    "aligned_sequence_gapped": "GGTTTCAGATGCCTGTCAGATCAATGACTTTG-----",
                    "vector": "0111111111111111111111111111111100000",
                    "conservation": "83.78%",
                    "gapped_start": 47,
                    "gapped_end": 83
                },
                {
                    "genome_id": "NZ_JAQKJA010000013",
                    "chromosome": "1",
                    "genomic_start": 25644,
                    "genomic_end": 25675,
                    "strand": "+",
                    "aligned_sequence_gapped": "AGTTTCAGATGCCTGTCAGATCAATGACTTTG-----",
                    "vector": "0111111111111111111111111111111100000",
                    "conservation": "83.78%",
                    "gapped_start": 47,
                    "gapped_end": 83
                },
                {
                    "genome_id": "NZ_JAQKIY010000012",
                    "chromosome": "1",
                    "genomic_start": 25644,
                    "genomic_end": 25675,
                    "strand": "+",
                    "aligned_sequence_gapped": "AGTTTCAGATGCCTGTCAGATCAATGACTTTG-----",
                    "vector": "0111111111111111111111111111111100000",
                    "conservation": "83.78%",
                    "gapped_start": 47,
                    "gapped_end": 83
                },
                {
                    "genome_id": "NZ_JAQKJD010000013",
                    "chromosome": "1",
                    "genomic_start": 9898,
                    "genomic_end": 9929,
                    "strand": "+",
                    "aligned_sequence_gapped": "GGTTTCAGATGCCTGTCAGATCAATGACTTTG-----",
                    "vector": "0111111111111111111111111111111100000",
                    "conservation": "83.78%",
                    "gapped_start": 47,
                    "gapped_end": 83
                },
                {
                    "genome_id": "NZ_JAPWDZ010000008",
                    "chromosome": "1",
                    "genomic_start": 650,
                    "genomic_end": 681,
                    "strand": "+",
                    "aligned_sequence_gapped": "GGTTTCAGATGCCTGTCAGATCAATGACTTTG-----",
                    "vector": "0111111111111111111111111111111100000",
                    "conservation": "83.78%",
                    "gapped_start": 47,
                    "gapped_end": 83
                },
                {
                    "genome_id": "NZ_JAPWEA010000009",
                    "chromosome": "1",
                    "genomic_start": 699,
                    "genomic_end": 708,
                    "strand": "-",
                    "aligned_sequence_gapped": "-----C----G---GTCAG-----TG-----G-----",
                    "vector": "0000010000100011111000001100000100000",
                    "conservation": "27.03%",
                    "gapped_start": 47,
                    "gapped_end": 83
                },
                {
                    "genome_id": "NZ_JADNCY010000012",
                    "chromosome": "1",
                    "genomic_start": 25644,
                    "genomic_end": 25675,
                    "strand": "+",
                    "aligned_sequence_gapped": "AGTTTCAGATGCCTGTCAGATCAATGACTTTG-----",
                    "vector": "0111111111111111111111111111111100000",
                    "conservation": "83.78%",
                    "gapped_start": 47,
                    "gapped_end": 83
                },
                {
                    "genome_id": "NZ_CP022723",
                    "chromosome": "1",
                    "genomic_start": 1229,
                    "genomic_end": 1238,
                    "strand": "+",
                    "aligned_sequence_gapped": "-----C----G---GTCAG-----TG-----G-----",
                    "vector": "0000010000100011111000001100000100000",
                    "conservation": "27.03%",
                    "gapped_start": 47,
                    "gapped_end": 83
                },
                {
                    "genome_id": "NZ_JAQKIZ010000013",
                    "chromosome": "1",
                    "genomic_start": 25644,
                    "genomic_end": 25675,
                    "strand": "+",
                    "aligned_sequence_gapped": "AGTTTCAGATGCCTGTCAGATCAATGACTTTG-----",
                    "vector": "0111111111111111111111111111111100000",
                    "conservation": "83.78%",
                    "gapped_start": 47,
                    "gapped_end": 83
                }
            ]
        }
    },
    {
        "hit_id": "regex_NC_014616__TGTTTCAGATGCCTGTCAGATCAATGACTTTGACCAC_28_36_TGTTTCAGATGCCTGTCAGATCAATGACTTTGACCAC_239",
        "reference_genome": "NC_014616",
        "chromosome": "1",
        "genomic_start": 1959991,
        "genomic_end": 1960027,
        "strand": "-",
        "motif_type": "regex",
        "motif_name": "_TGTTTCAGATGCCTGTCAGATCAATGACTTTGACCAC_28_36_TGTTTCAGATGCCTGTCAGATCAATGACTTTGACCAC",
        "motif_length": 37,
        "gapped_motif": "TGTTTCAGATGCCTGTCAGATCAATGACTTTGACCAC",
        "gapped_start": 246,
        "gapped_end": 282,
        "ungapped_start": 240,
        "ungapped_end": 276,
        "motif": "TGTTTCAGATGCCTGTCAGATCAATGACTTTGACCAC",
        "motif_strand": "-",
        "conservation": {
            "value": 97.64,
            "other_genomes": [
                {
                    "genome_id": "NZ_LR698991",
                    "chromosome": "1",
                    "genomic_start": 1247,
                    "genomic_end": 1282,
                    "strand": "+",
                    "aligned_sequence_gapped": "-GTTTCAGATGCCTGTCAGATCAATGACTTTGACCAC",
                    "vector": "0111111111111111111111111111111111111",
                    "conservation": "97.30%",
                    "gapped_start": 246,
                    "gapped_end": 282
                },
                {
                    "genome_id": "NZ_CP174189",
                    "chromosome": "1",
                    "genomic_start": 1958691,
                    "genomic_end": 1958727,
                    "strand": "-",
                    "aligned_sequence_gapped": "TGTTTCAGATGCCTGTCAGATCAATGACTTTGACCAC",
                    "vector": "1111111111111111111111111111111111111",
                    "conservation": "100.00%",
                    "gapped_start": 246,
                    "gapped_end": 282
                },
                {
                    "genome_id": "NZ_JBCOFT010000001",
                    "chromosome": "1",
                    "genomic_start": 100444,
                    "genomic_end": 100479,
                    "strand": "+",
                    "aligned_sequence_gapped": "-GTTTCAGATGCCTGTCAGATCAATGACTTTGACCAC",
                    "vector": "0111111111111111111111111111111111111",
                    "conservation": "97.30%",
                    "gapped_start": 246,
                    "gapped_end": 282
                },
                {
                    "genome_id": "NZ_JBCOFS010000002",
                    "chromosome": "1",
                    "genomic_start": 71652,
                    "genomic_end": 71687,
                    "strand": "+",
                    "aligned_sequence_gapped": "-GTTTCAGATGCCTGTCAGATCAATGACTTTGACCAC",
                    "vector": "0111111111111111111111111111111111111",
                    "conservation": "97.30%",
                    "gapped_start": 246,
                    "gapped_end": 282
                },
                {
                    "genome_id": "NZ_JBBNGT010000004",
                    "chromosome": "1",
                    "genomic_start": 72047,
                    "genomic_end": 72083,
                    "strand": "+",
                    "aligned_sequence_gapped": "TGTTTCAGATGCCTGTCAGATCAATGACTTTGACCAC",
                    "vector": "1111111111111111111111111111111111111",
                    "conservation": "100.00%",
                    "gapped_start": 246,
                    "gapped_end": 282
                },
                {
                    "genome_id": "NZ_JBDOUJ010000014",
                    "chromosome": "1",
                    "genomic_start": 9965,
                    "genomic_end": 10000,
                    "strand": "+",
                    "aligned_sequence_gapped": "-GTTTCAGATGCCTGTCAGATCAATGACTTTGACCAC",
                    "vector": "0111111111111111111111111111111111111",
                    "conservation": "97.30%",
                    "gapped_start": 246,
                    "gapped_end": 282
                },
                {
                    "genome_id": "NZ_JBDMTZ010000018",
                    "chromosome": "1",
                    "genomic_start": 9965,
                    "genomic_end": 10000,
                    "strand": "-",
                    "aligned_sequence_gapped": "-GTTTCAGATGCCTGTCAGATCAATGACTTTGACCAC",
                    "vector": "0111111111111111111111111111111111111",
                    "conservation": "97.30%",
                    "gapped_start": 246,
                    "gapped_end": 282
                },
                {
                    "genome_id": "NZ_JBDMTY010000017",
                    "chromosome": "1",
                    "genomic_start": 9899,
                    "genomic_end": 9934,
                    "strand": "+",
                    "aligned_sequence_gapped": "-GTTTCAGATGCCTGTCAGATCAATGACTTTGACCAC",
                    "vector": "0111111111111111111111111111111111111",
                    "conservation": "97.30%",
                    "gapped_start": 246,
                    "gapped_end": 282
                },
                {
                    "genome_id": "NZ_JAQKJA010000013",
                    "chromosome": "1",
                    "genomic_start": 25711,
                    "genomic_end": 25746,
                    "strand": "+",
                    "aligned_sequence_gapped": "-GTTTCAGATGCCTGTCAGATCAATGACTTTGACCAC",
                    "vector": "0111111111111111111111111111111111111",
                    "conservation": "97.30%",
                    "gapped_start": 246,
                    "gapped_end": 282
                },
                {
                    "genome_id": "NZ_JAQKIY010000012",
                    "chromosome": "1",
                    "genomic_start": 25711,
                    "genomic_end": 25746,
                    "strand": "+",
                    "aligned_sequence_gapped": "-GTTTCAGATGCCTGTCAGATCAATGACTTTGACCAC",
                    "vector": "0111111111111111111111111111111111111",
                    "conservation": "97.30%",
                    "gapped_start": 246,
                    "gapped_end": 282
                },
                {
                    "genome_id": "NZ_JAQKJD010000013",
                    "chromosome": "1",
                    "genomic_start": 9965,
                    "genomic_end": 10000,
                    "strand": "+",
                    "aligned_sequence_gapped": "-GTTTCAGATGCCTGTCAGATCAATGACTTTGACCAC",
                    "vector": "0111111111111111111111111111111111111",
                    "conservation": "97.30%",
                    "gapped_start": 246,
                    "gapped_end": 282
                },
                {
                    "genome_id": "NZ_JAPWDZ010000008",
                    "chromosome": "1",
                    "genomic_start": 717,
                    "genomic_end": 752,
                    "strand": "+",
                    "aligned_sequence_gapped": "-GTTTCAGATGCCTGTCAGATCAATGACTTTGACCAC",
                    "vector": "0111111111111111111111111111111111111",
                    "conservation": "97.30%",
                    "gapped_start": 246,
                    "gapped_end": 282
                },
                {
                    "genome_id": "NZ_JAPWEA010000009",
                    "chromosome": "1",
                    "genomic_start": 717,
                    "genomic_end": 752,
                    "strand": "-",
                    "aligned_sequence_gapped": "-GTTTCAGATGCCTGTCAGATCAATGACTTTGACCAC",
                    "vector": "0111111111111111111111111111111111111",
                    "conservation": "97.30%",
                    "gapped_start": 246,
                    "gapped_end": 282
                },
                {
                    "genome_id": "NZ_JADNCY010000012",
                    "chromosome": "1",
                    "genomic_start": 25711,
                    "genomic_end": 25746,
                    "strand": "+",
                    "aligned_sequence_gapped": "-GTTTCAGATGCCTGTCAGATCAATGACTTTGACCAC",
                    "vector": "0111111111111111111111111111111111111",
                    "conservation": "97.30%",
                    "gapped_start": 246,
                    "gapped_end": 282
                },
                {
                    "genome_id": "NZ_CP022723",
                    "chromosome": "1",
                    "genomic_start": 1247,
                    "genomic_end": 1282,
                    "strand": "+",
                    "aligned_sequence_gapped": "-GTTTCAGATGCCTGTCAGATCAATGACTTTGACCAC",
                    "vector": "0111111111111111111111111111111111111",
                    "conservation": "97.30%",
                    "gapped_start": 246,
                    "gapped_end": 282
                },
                {
                    "genome_id": "NZ_JAQKIZ010000013",
                    "chromosome": "1",
                    "genomic_start": 25711,
                    "genomic_end": 25746,
                    "strand": "+",
                    "aligned_sequence_gapped": "-GTTTCAGATGCCTGTCAGATCAATGACTTTGACCAC",
                    "vector": "0111111111111111111111111111111111111",
                    "conservation": "97.30%",
                    "gapped_start": 246,
                    "gapped_end": 282
                }
            ]
        }
    },
    {
        "hit_id": "regex_NC_014616__TGTTTCAGATGCCTGTCAGATCAATGACTTTGACCAC_28_36_TGTTTCAGATGCCTGTCAGATCAATGACTTTGACCAC_rc_69",
        "reference_genome": "NC_014616",
        "chromosome": "1",
        "genomic_start": 226592,
        "genomic_end": 226628,
        "strand": "+",
        "motif_type": "regex",
        "motif_name": "_TGTTTCAGATGCCTGTCAGATCAATGACTTTGACCAC_28_36_TGTTTCAGATGCCTGTCAGATCAATGACTTTGACCAC",
        "motif_length": 37,
        "gapped_motif": "GTGGTCAAAGTCATTGATCTGACAGGCATCTGAAA-C---A",
        "gapped_start": 137,
        "gapped_end": 177,
        "ungapped_start": 70,
        "ungapped_end": 106,
        "motif": "TGTTTCAGATGCCTGTCAGATCAATGACTTTGACCAC",
        "motif_strand": "-",
        "conservation": {
            "value": 98.07,
            "other_genomes": [
                {
                    "genome_id": "NZ_LR698991",
                    "chromosome": "1",
                    "genomic_start": 4293,
                    "genomic_end": 4329,
                    "strand": "-",
                    "aligned_sequence_gapped": "GTGGTCAAAGTCATTGATCTGACAGGCATCTGAAA-C---C",
                    "vector": "1111111111111111111111111111111111110",
                    "conservation": "97.30%",
                    "gapped_start": 137,
                    "gapped_end": 177
                },
                {
                    "genome_id": "NZ_CP174189",
                    "chromosome": "1",
                    "genomic_start": 226312,
                    "genomic_end": 226348,
                    "strand": "+",
                    "aligned_sequence_gapped": "GTGGTCAAAGTCATTGATCTGACAGGCATCTGAAA-C---A",
                    "vector": "1111111111111111111111111111111111111",
                    "conservation": "100.00%",
                    "gapped_start": 137,
                    "gapped_end": 177
                },
                {
                    "genome_id": "NZ_JBBNGT010000004",
                    "chromosome": "1",
                    "genomic_start": 100358,
                    "genomic_end": 100394,
                    "strand": "-",
                    "aligned_sequence_gapped": "GTGGTCAAAGTCATTGATCTGACAGGCATCTGAAA-C---A",
                    "vector": "1111111111111111111111111111111111111",
                    "conservation": "100.00%",
                    "gapped_start": 137,
                    "gapped_end": 177
                },
                {
                    "genome_id": "NZ_JAPWDZ010000002",
                    "chromosome": "1",
                    "genomic_start": 564,
                    "genomic_end": 604,
                    "strand": "-",
                    "aligned_sequence_gapped": "GTGGTCAAAGTCATTGATCTGACAGGCATCTGAAACCGGGA",
                    "vector": "1111111111111111111111111111111111101",
                    "conservation": "97.30%",
                    "gapped_start": 137,
                    "gapped_end": 177
                },
                {
                    "genome_id": "NZ_JAPWEA010000005",
                    "chromosome": "1",
                    "genomic_start": 564,
                    "genomic_end": 604,
                    "strand": "-",
                    "aligned_sequence_gapped": "GTGGTCAAAGTCATTGATCTGACAGGCATCTGAAACCGGGA",
                    "vector": "1111111111111111111111111111111111101",
                    "conservation": "97.30%",
                    "gapped_start": 137,
                    "gapped_end": 177
                },
                {
                    "genome_id": "NZ_JAASHE010000001",
                    "chromosome": "1",
                    "genomic_start": 2393,
                    "genomic_end": 2429,
                    "strand": "-",
                    "aligned_sequence_gapped": "GTGGTCAAAGTCATTGATCTGACAGGCATCTGAAA-C---C",
                    "vector": "1111111111111111111111111111111111110",
                    "conservation": "97.30%",
                    "gapped_start": 137,
                    "gapped_end": 177
                },
                {
                    "genome_id": "NZ_CP022723",
                    "chromosome": "1",
                    "genomic_start": 4293,
                    "genomic_end": 4329,
                    "strand": "-",
                    "aligned_sequence_gapped": "GTGGTCAAAGTCATTGATCTGACAGGCATCTGAAA-C---C",
                    "vector": "1111111111111111111111111111111111110",
                    "conservation": "97.30%",
                    "gapped_start": 137,
                    "gapped_end": 177
                }
            ]
        }
    },
    {
        "hit_id": "regex_NC_014616__TGTTTCAGATGCCTGTCAGATCAATGACTTTGACCAC_28_36_TGTTTCAGATGCCTGTCAGATCAATGACTTTGACCAC_52",
        "reference_genome": "NC_014616",
        "chromosome": "1",
        "genomic_start": 1958207,
        "genomic_end": 1958243,
        "strand": "-",
        "motif_type": "regex",
        "motif_name": "_TGTTTCAGATGCCTGTCAGATCAATGACTTTGACCAC_28_36_TGTTTCAGATGCCTGTCAGATCAATGACTTTGACCAC",
        "motif_length": 37,
        "gapped_motif": "TGTTTCAGATGCCTGTCAGATCAATGACTTTGACCAC",
        "gapped_start": 53,
        "gapped_end": 89,
        "ungapped_start": 53,
        "ungapped_end": 89,
        "motif": "TGTTTCAGATGCCTGTCAGATCAATGACTTTGACCAC",
        "motif_strand": "-",
        "conservation": {
            "value": 100.0,
            "other_genomes": [
                {
                    "genome_id": "NZ_CP174189",
                    "chromosome": "1",
                    "genomic_start": 1956907,
                    "genomic_end": 1956943,
                    "strand": "-",
                    "aligned_sequence_gapped": "TGTTTCAGATGCCTGTCAGATCAATGACTTTGACCAC",
                    "vector": "1111111111111111111111111111111111111",
                    "conservation": "100.00%",
                    "gapped_start": 53,
                    "gapped_end": 89
                }
            ]
        }
    },
    {
        "hit_id": "regex_NC_014616__TGTTTCAGATGCCTGTCAGATCAATGACTTTGACCAC_28_36_TGTTTCAGATGCCTGTCAGATCAATGACTTTGACCAC_rc_42",
        "reference_genome": "NC_014616",
        "chromosome": "1",
        "genomic_start": 228574,
        "genomic_end": 228610,
        "strand": "+",
        "motif_type": "regex",
        "motif_name": "_TGTTTCAGATGCCTGTCAGATCAATGACTTTGACCAC_28_36_TGTTTCAGATGCCTGTCAGATCAATGACTTTGACCAC",
        "motif_length": 37,
        "gapped_motif": "GTGGTCAAAGTCATTGATCTGACAGGCATCTGAAACA",
        "gapped_start": 175,
        "gapped_end": 211,
        "ungapped_start": 43,
        "ungapped_end": 79,
        "motif": "TGTTTCAGATGCCTGTCAGATCAATGACTTTGACCAC",
        "motif_strand": "-",
        "conservation": {
            "value": 100.0,
            "other_genomes": [
                {
                    "genome_id": "NZ_CP022723",
                    "chromosome": "1",
                    "genomic_start": 3567,
                    "genomic_end": 3603,
                    "strand": "-",
                    "aligned_sequence_gapped": "GTGGTCAAAGTCATTGATCTGACAGGCATCTGAAACA",
                    "vector": "1111111111111111111111111111111111111",
                    "conservation": "100.00%",
                    "gapped_start": 175,
                    "gapped_end": 211
                },
                {
                    "genome_id": "NZ_CP174189",
                    "chromosome": "1",
                    "genomic_start": 228294,
                    "genomic_end": 228330,
                    "strand": "+",
                    "aligned_sequence_gapped": "GTGGTCAAAGTCATTGATCTGACAGGCATCTGAAACA",
                    "vector": "1111111111111111111111111111111111111",
                    "conservation": "100.00%",
                    "gapped_start": 175,
                    "gapped_end": 211
                },
                {
                    "genome_id": "NZ_LR698991",
                    "chromosome": "1",
                    "genomic_start": 3567,
                    "genomic_end": 3603,
                    "strand": "-",
                    "aligned_sequence_gapped": "GTGGTCAAAGTCATTGATCTGACAGGCATCTGAAACA",
                    "vector": "1111111111111111111111111111111111111",
                    "conservation": "100.00%",
                    "gapped_start": 175,
                    "gapped_end": 211
                }
            ]
        }
    },
    {
        "hit_id": "regex_NC_014616__TGTTTCAGATGCCTGTCAGATCAATGACTTTGACCAC_28_36_TGTTTCAGATGCCTGTCAGATCAATGACTTTGACCAC_rc_3",
        "reference_genome": "NC_014616",
        "chromosome": "1",
        "genomic_start": 228178,
        "genomic_end": 228214,
        "strand": "+",
        "motif_type": "regex",
        "motif_name": "_TGTTTCAGATGCCTGTCAGATCAATGACTTTGACCAC_28_36_TGTTTCAGATGCCTGTCAGATCAATGACTTTGACCAC",
        "motif_length": 37,
        "gapped_motif": "GTGGTCAAAGTCATTGATCTGACA-G-----G---C-A-T-CT--G--AA-AC-A",
        "gapped_start": 4,
        "gapped_end": 58,
        "ungapped_start": 4,
        "ungapped_end": 40,
        "motif": "TGTTTCAGATGCCTGTCAGATCAATGACTTTGACCAC",
        "motif_strand": "-",
        "conservation": {
            "value": 86.49,
            "other_genomes": [
                {
                    "genome_id": "NZ_JBBNGT010000004",
                    "chromosome": "1",
                    "genomic_start": 102074,
                    "genomic_end": 102128,
                    "strand": "-",
                    "aligned_sequence_gapped": "GTGGTCAAAGTCATTGATCTGACAGGCATCTGAAACAAGTGCTCGGACAACACAA",
                    "vector": "1111111111111111111111110100000100010",
                    "conservation": "72.97%",
                    "gapped_start": 4,
                    "gapped_end": 58
                },
                {
                    "genome_id": "NZ_CP174189",
                    "chromosome": "1",
                    "genomic_start": 227898,
                    "genomic_end": 227934,
                    "strand": "+",
                    "aligned_sequence_gapped": "GTGGTCAAAGTCATTGATCTGACA-G-----G---C-A-T-CT--G--AA-AC-A",
                    "vector": "1111111111111111111111111111111111111",
                    "conservation": "100.00%",
                    "gapped_start": 4,
                    "gapped_end": 58
                }
            ]
        }
    }
]