[
    {
        "hit_id": "regex_NZ_AMPM01000495__TGTTTCAGATGCCTGTCAGATCAATGACTTTGACCAC_28_36_TGTTTCAGATGCCTGTCAGATCAATGACTTTGACCAC_42",
        "reference_genome": "NZ_AMPM01000495",
        "chromosome": "1",
        "genomic_start": 54,
        "genomic_end": 90,
        "strand": "+",
        "motif_type": "regex",
        "motif_name": "_TGTTTCAGATGCCTGTCAGATCAATGACTTTGACCAC_28_36_TGTTTCAGATGCCTGTCAGATCAATGACTTTGACCAC",
        "motif_length": 37,
        "gapped_motif": "TGTTTCAGATGCCTGTCAGATCAATGACTTTGACCAC",
        "gapped_start": 43,
        "gapped_end": 79,
        "ungapped_start": 43,
        "ungapped_end": 79,
        "motif": "TGTTTCAGATGCCTGTCAGATCAATGACTTTGACCAC",
        "motif_strand": "+",
        "conservation": {
            "value": 100.0,
            "other_genomes": [
                {
                    "genome_id": "NZ_JSDW01000005",
                    "chromosome": "1",
                    "genomic_start": 14590,
                    "genomic_end": 14626,
                    "strand": "-",
                    "aligned_sequence_gapped": "TGTTTCAGATGCCTGTCAGATCAATGACTTTGACCAC",
                    "vector": "1111111111111111111111111111111111111",
                    "conservation": "100.00%",
                    "gapped_start": 43,
                    "gapped_end": 79
                }
            ]
        }
    }
]