[
    {
        "hit_id": "regex_NZ_JAQKIY010000012__TGTTTCAGATGCCTGTCAGATCAATGACTTTGACCAC_28_36_TGTTTCAGATGCCTGTCAGATCAATGACTTTGACCAC_2",
        "reference_genome": "NZ_JAQKIY010000012",
        "chromosome": "1",
        "genomic_start": 27294,
        "genomic_end": 27330,
        "strand": "+",
        "motif_type": "regex",
        "motif_name": "_TGTTTCAGATGCCTGTCAGATCAATGACTTTGACCAC_28_36_TGTTTCAGATGCCTGTCAGATCAATGACTTTGACCAC",
        "motif_length": 37,
        "gapped_motif": "TGTTTCAGATGCCTGTCAGATCAATGACTTTGACCAC",
        "gapped_start": 3,
        "gapped_end": 39,
        "ungapped_start": 3,
        "ungapped_end": 39,
        "motif": "TGTTTCAGATGCCTGTCAGATCAATGACTTTGACCAC",
        "motif_strand": "+",
        "conservation": {
            "value": 100.0,
            "other_genomes": [
                {
                    "genome_id": "NZ_CP174189",
                    "chromosome": "1",
                    "genomic_start": 1957501,
                    "genomic_end": 1957537,
                    "strand": "-",
                    "aligned_sequence_gapped": "TGTTTCAGATGCCTGTCAGATCAATGACTTTGACCAC",
                    "vector": "1111111111111111111111111111111111111",
                    "conservation": "100.00%",
                    "gapped_start": 3,
                    "gapped_end": 39
                },
                {
                    "genome_id": "NZ_JAQKIZ010000013",
                    "chromosome": "1",
                    "genomic_start": 27294,
                    "genomic_end": 27330,
                    "strand": "+",
                    "aligned_sequence_gapped": "TGTTTCAGATGCCTGTCAGATCAATGACTTTGACCAC",
                    "vector": "1111111111111111111111111111111111111",
                    "conservation": "100.00%",
                    "gapped_start": 3,
                    "gapped_end": 39
                },
                {
                    "genome_id": "NZ_JAQKJA010000013",
                    "chromosome": "1",
                    "genomic_start": 27294,
                    "genomic_end": 27330,
                    "strand": "+",
                    "aligned_sequence_gapped": "TGTTTCAGATGCCTGTCAGATCAATGACTTTGACCAC",
                    "vector": "1111111111111111111111111111111111111",
                    "conservation": "100.00%",
                    "gapped_start": 3,
                    "gapped_end": 39
                },
                {
                    "genome_id": "NZ_JAQCPX010000019",
                    "chromosome": "1",
                    "genomic_start": 6131,
                    "genomic_end": 6167,
                    "strand": "-",
                    "aligned_sequence_gapped": "TGTTTCAGATGCCTGTCAGATCAATGACTTTGACCAC",
                    "vector": "1111111111111111111111111111111111111",
                    "conservation": "100.00%",
                    "gapped_start": 3,
                    "gapped_end": 39
                },
                {
                    "genome_id": "NZ_JAPWDZ010000002",
                    "chromosome": "1",
                    "genomic_start": 371143,
                    "genomic_end": 371179,
                    "strand": "+",
                    "aligned_sequence_gapped": "TGTTTCAGATGCCTGTCAGATCAATGACTTTGACCAC",
                    "vector": "1111111111111111111111111111111111111",
                    "conservation": "100.00%",
                    "gapped_start": 3,
                    "gapped_end": 39
                },
                {
                    "genome_id": "NZ_JAPWEA010000005",
                    "chromosome": "1",
                    "genomic_start": 154604,
                    "genomic_end": 154640,
                    "strand": "+",
                    "aligned_sequence_gapped": "TGTTTCAGATGCCTGTCAGATCAATGACTTTGACCAC",
                    "vector": "1111111111111111111111111111111111111",
                    "conservation": "100.00%",
                    "gapped_start": 3,
                    "gapped_end": 39
                },
                {
                    "genome_id": "NZ_JADNCY010000012",
                    "chromosome": "1",
                    "genomic_start": 27294,
                    "genomic_end": 27330,
                    "strand": "+",
                    "aligned_sequence_gapped": "TGTTTCAGATGCCTGTCAGATCAATGACTTTGACCAC",
                    "vector": "1111111111111111111111111111111111111",
                    "conservation": "100.00%",
                    "gapped_start": 3,
                    "gapped_end": 39
                },
                {
                    "genome_id": "NC_014616",
                    "chromosome": "1",
                    "genomic_start": 1958801,
                    "genomic_end": 1958837,
                    "strand": "-",
                    "aligned_sequence_gapped": "TGTTTCAGATGCCTGTCAGATCAATGACTTTGACCAC",
                    "vector": "1111111111111111111111111111111111111",
                    "conservation": "100.00%",
                    "gapped_start": 3,
                    "gapped_end": 39
                }
            ]
        }
    }
]