[
    {
        "hit_id": "regex_NZ_JAQKID010000006__TGTTTCAGATGCCTGTCAGATCAATGACTTTGACCAC_28_36_TGTTTCAGATGCCTGTCAGATCAATGACTTTGACCAC_68",
        "reference_genome": "NZ_JAQKID010000006",
        "chromosome": "1",
        "genomic_start": 862,
        "genomic_end": 898,
        "strand": "-",
        "motif_type": "regex",
        "motif_name": "_TGTTTCAGATGCCTGTCAGATCAATGACTTTGACCAC_28_36_TGTTTCAGATGCCTGTCAGATCAATGACTTTGACCAC",
        "motif_length": 37,
        "gapped_motif": "T----GTTTCAGATGCCTGTCA-GATCAATGACTTTG---A-CCAC",
        "gapped_start": 202,
        "gapped_end": 247,
        "ungapped_start": 69,
        "ungapped_end": 105,
        "motif": "TGTTTCAGATGCCTGTCAGATCAATGACTTTGACCAC",
        "motif_strand": "-",
        "conservation": {
            "value": 64.22,
            "other_genomes": [
                {
                    "genome_id": "NZ_JAQKID010000007",
                    "chromosome": "1",
                    "genomic_start": 87907,
                    "genomic_end": 87920,
                    "strand": "-",
                    "aligned_sequence_gapped": "-----G---CCGA----TG----GAT---TG---TT----------",
                    "vector": "0100010110000110001110001100011000000",
                    "conservation": "35.14%",
                    "gapped_start": 202,
                    "gapped_end": 247
                },
                {
                    "genome_id": "NZ_JBDMTY010000017",
                    "chromosome": "1",
                    "genomic_start": 11088,
                    "genomic_end": 11124,
                    "strand": "+",
                    "aligned_sequence_gapped": "C----GTTTCAGATGCCTGTCA-GATCAATGACTTTG---A-CCAC",
                    "vector": "0111111111111111111111111111111111111",
                    "conservation": "97.30%",
                    "gapped_start": 202,
                    "gapped_end": 247
                },
                {
                    "genome_id": "NZ_JBDMTZ010000018",
                    "chromosome": "1",
                    "genomic_start": 11154,
                    "genomic_end": 11190,
                    "strand": "-",
                    "aligned_sequence_gapped": "C----GTTTCAGATGCCTGTCA-GATCAATGACTTTG---A-CCAC",
                    "vector": "0111111111111111111111111111111111111",
                    "conservation": "97.30%",
                    "gapped_start": 202,
                    "gapped_end": 247
                },
                {
                    "genome_id": "NZ_JBDOUB010000001",
                    "chromosome": "1",
                    "genomic_start": 1372087,
                    "genomic_end": 1372100,
                    "strand": "+",
                    "aligned_sequence_gapped": "-----G---CCGA----TG----GAT---TG---TT----------",
                    "vector": "0100010110000110001110001100011000000",
                    "conservation": "35.14%",
                    "gapped_start": 202,
                    "gapped_end": 247
                },
                {
                    "genome_id": "NZ_JBDOUB010000007",
                    "chromosome": "1",
                    "genomic_start": 862,
                    "genomic_end": 898,
                    "strand": "-",
                    "aligned_sequence_gapped": "T----GTTTCAGATGCCTGTCA-GATCAATGACTTTG---A-CCAC",
                    "vector": "1111111111111111111111111111111111111",
                    "conservation": "100.00%",
                    "gapped_start": 202,
                    "gapped_end": 247
                },
                {
                    "genome_id": "NZ_JBDOUC010000001",
                    "chromosome": "1",
                    "genomic_start": 337844,
                    "genomic_end": 337857,
                    "strand": "+",
                    "aligned_sequence_gapped": "-----G---CCGA----TG----GAT---TG---TT----------",
                    "vector": "0100010110000110001110001100011000000",
                    "conservation": "35.14%",
                    "gapped_start": 202,
                    "gapped_end": 247
                },
                {
                    "genome_id": "NZ_JBDOUC010000007",
                    "chromosome": "1",
                    "genomic_start": 863,
                    "genomic_end": 899,
                    "strand": "+",
                    "aligned_sequence_gapped": "T----GTTTCAGATGCCTGTCA-GATCAATGACTTTG---A-CCAC",
                    "vector": "1111111111111111111111111111111111111",
                    "conservation": "100.00%",
                    "gapped_start": 202,
                    "gapped_end": 247
                },
                {
                    "genome_id": "NZ_JBDOUE010000003",
                    "chromosome": "1",
                    "genomic_start": 207799,
                    "genomic_end": 207812,
                    "strand": "-",
                    "aligned_sequence_gapped": "-----G---CCGA----TG----GAT---TG---TT----------",
                    "vector": "0100010110000110001110001100011000000",
                    "conservation": "35.14%",
                    "gapped_start": 202,
                    "gapped_end": 247
                },
                {
                    "genome_id": "NZ_JBDOUE010000024",
                    "chromosome": "1",
                    "genomic_start": 862,
                    "genomic_end": 898,
                    "strand": "-",
                    "aligned_sequence_gapped": "T----GTTTCAGATGCCTGTCA-GATCAATGACTTTG---A-CCAC",
                    "vector": "1111111111111111111111111111111111111",
                    "conservation": "100.00%",
                    "gapped_start": 202,
                    "gapped_end": 247
                },
                {
                    "genome_id": "NZ_JBDOUD010000005",
                    "chromosome": "1",
                    "genomic_start": 863,
                    "genomic_end": 899,
                    "strand": "-",
                    "aligned_sequence_gapped": "T----GTTTCAGATGCCTGTCA-GATCAATGACTTTG---A-CCAC",
                    "vector": "1111111111111111111111111111111111111",
                    "conservation": "100.00%",
                    "gapped_start": 202,
                    "gapped_end": 247
                },
                {
                    "genome_id": "NZ_JBDOUD010000008",
                    "chromosome": "1",
                    "genomic_start": 87931,
                    "genomic_end": 87944,
                    "strand": "-",
                    "aligned_sequence_gapped": "-----G---CCGA----TG----GAT---TG---TT----------",
                    "vector": "0100010110000110001110001100011000000",
                    "conservation": "35.14%",
                    "gapped_start": 202,
                    "gapped_end": 247
                },
                {
                    "genome_id": "NZ_JBDOUH010000004",
                    "chromosome": "1",
                    "genomic_start": 126040,
                    "genomic_end": 126053,
                    "strand": "-",
                    "aligned_sequence_gapped": "-----G---CCGA----TG----GAT---TG---TT----------",
                    "vector": "0100010110000110001110001100011000000",
                    "conservation": "35.14%",
                    "gapped_start": 202,
                    "gapped_end": 247
                },
                {
                    "genome_id": "NZ_JBDOUH010000005",
                    "chromosome": "1",
                    "genomic_start": 862,
                    "genomic_end": 898,
                    "strand": "+",
                    "aligned_sequence_gapped": "T----GTTTCAGATGCCTGTCA-GATCAATGACTTTG---A-CCAC",
                    "vector": "1111111111111111111111111111111111111",
                    "conservation": "100.00%",
                    "gapped_start": 202,
                    "gapped_end": 247
                },
                {
                    "genome_id": "NZ_JBDOUF010000005",
                    "chromosome": "1",
                    "genomic_start": 88518,
                    "genomic_end": 88531,
                    "strand": "-",
                    "aligned_sequence_gapped": "-----G---CCGA----TG----GAT---TG---TT----------",
                    "vector": "0100010110000110001110001100011000000",
                    "conservation": "35.14%",
                    "gapped_start": 202,
                    "gapped_end": 247
                },
                {
                    "genome_id": "NZ_JBDOUF010000040",
                    "chromosome": "1",
                    "genomic_start": 862,
                    "genomic_end": 898,
                    "strand": "-",
                    "aligned_sequence_gapped": "T----GTTTCAGATGCCTGTCA-GATCAATGACTTTG---A-CCAC",
                    "vector": "1111111111111111111111111111111111111",
                    "conservation": "100.00%",
                    "gapped_start": 202,
                    "gapped_end": 247
                },
                {
                    "genome_id": "NZ_JBDOUG010000003",
                    "chromosome": "1",
                    "genomic_start": 208023,
                    "genomic_end": 208036,
                    "strand": "-",
                    "aligned_sequence_gapped": "-----G---CCGA----TG----GAT---TG---TT----------",
                    "vector": "0100010110000110001110001100011000000",
                    "conservation": "35.14%",
                    "gapped_start": 202,
                    "gapped_end": 247
                },
                {
                    "genome_id": "NZ_JBDOUG010000009",
                    "chromosome": "1",
                    "genomic_start": 863,
                    "genomic_end": 899,
                    "strand": "+",
                    "aligned_sequence_gapped": "T----GTTTCAGATGCCTGTCA-GATCAATGACTTTG---A-CCAC",
                    "vector": "1111111111111111111111111111111111111",
                    "conservation": "100.00%",
                    "gapped_start": 202,
                    "gapped_end": 247
                },
                {
                    "genome_id": "NZ_JBDOUJ010000014",
                    "chromosome": "1",
                    "genomic_start": 11154,
                    "genomic_end": 11190,
                    "strand": "+",
                    "aligned_sequence_gapped": "C----GTTTCAGATGCCTGTCA-GATCAATGACTTTG---A-CCAC",
                    "vector": "0111111111111111111111111111111111111",
                    "conservation": "97.30%",
                    "gapped_start": 202,
                    "gapped_end": 247
                },
                {
                    "genome_id": "NZ_JBBNGT010000004",
                    "chromosome": "1",
                    "genomic_start": 71693,
                    "genomic_end": 71705,
                    "strand": "+",
                    "aligned_sequence_gapped": "-----G---TCAA----CG---CGA----CG----T----------",
                    "vector": "0100000010000010000110000010000100000",
                    "conservation": "18.92%",
                    "gapped_start": 202,
                    "gapped_end": 247
                },
                {
                    "genome_id": "NZ_LR698991",
                    "chromosome": "1",
                    "genomic_start": 1575,
                    "genomic_end": 1611,
                    "strand": "+",
                    "aligned_sequence_gapped": "T----GTTTCAGATGCCTGTCA-GATCAATGACTTTG---A-CCAC",
                    "vector": "1111111111111111111111111111111111111",
                    "conservation": "100.00%",
                    "gapped_start": 202,
                    "gapped_end": 247
                },
                {
                    "genome_id": "NZ_LR698991",
                    "chromosome": "1",
                    "genomic_start": 2307384,
                    "genomic_end": 2307394,
                    "strand": "+",
                    "aligned_sequence_gapped": "-----G---T--A----TG---AGA----CG----G----------",
                    "vector": "0100000010000110000110000010000000000",
                    "conservation": "18.92%",
                    "gapped_start": 202,
                    "gapped_end": 247
                },
                {
                    "genome_id": "NZ_JAQKIC010000008",
                    "chromosome": "1",
                    "genomic_start": 862,
                    "genomic_end": 898,
                    "strand": "+",
                    "aligned_sequence_gapped": "T----GTTTCAGATGCCTGTCA-GATCAATGACTTTG---A-CCAC",
                    "vector": "1111111111111111111111111111111111111",
                    "conservation": "100.00%",
                    "gapped_start": 202,
                    "gapped_end": 247
                },
                {
                    "genome_id": "NZ_JAQKIC010000002",
                    "chromosome": "1",
                    "genomic_start": 289726,
                    "genomic_end": 289739,
                    "strand": "-",
                    "aligned_sequence_gapped": "-----G---CCGA----TG----GAT---TG---TT----------",
                    "vector": "0100010110000110001110001100011000000",
                    "conservation": "35.14%",
                    "gapped_start": 202,
                    "gapped_end": 247
                },
                {
                    "genome_id": "NZ_JSDX01000008",
                    "chromosome": "1",
                    "genomic_start": 137757,
                    "genomic_end": 137793,
                    "strand": "-",
                    "aligned_sequence_gapped": "T----GTTTCAGATGCCTGTCA-GATCAATGACTTTG---A-CCAC",
                    "vector": "1111111111111111111111111111111111111",
                    "conservation": "100.00%",
                    "gapped_start": 202,
                    "gapped_end": 247
                },
                {
                    "genome_id": "NZ_CP022723",
                    "chromosome": "1",
                    "genomic_start": 1575,
                    "genomic_end": 1611,
                    "strand": "+",
                    "aligned_sequence_gapped": "T----GTTTCAGATGCCTGTCA-GATCAATGACTTTG---A-CCAC",
                    "vector": "1111111111111111111111111111111111111",
                    "conservation": "100.00%",
                    "gapped_start": 202,
                    "gapped_end": 247
                },
                {
                    "genome_id": "NZ_CP022723",
                    "chromosome": "1",
                    "genomic_start": 2307384,
                    "genomic_end": 2307394,
                    "strand": "+",
                    "aligned_sequence_gapped": "-----G---T--A----TG---AGA----CG----G----------",
                    "vector": "0100000010000110000110000010000000000",
                    "conservation": "18.92%",
                    "gapped_start": 202,
                    "gapped_end": 247
                },
                {
                    "genome_id": "NZ_JADMYV010000001",
                    "chromosome": "1",
                    "genomic_start": 801642,
                    "genomic_end": 801655,
                    "strand": "-",
                    "aligned_sequence_gapped": "-----G---CCGA----TG----GAT---TG---TT----------",
                    "vector": "0100010110000110001110001100011000000",
                    "conservation": "35.14%",
                    "gapped_start": 202,
                    "gapped_end": 247
                },
                {
                    "genome_id": "NZ_JADMYV010000005",
                    "chromosome": "1",
                    "genomic_start": 841,
                    "genomic_end": 877,
                    "strand": "-",
                    "aligned_sequence_gapped": "T----GTTTCAGATGCCTGTCA-GATCAATGACTTTG---A-CCAC",
                    "vector": "1111111111111111111111111111111111111",
                    "conservation": "100.00%",
                    "gapped_start": 202,
                    "gapped_end": 247
                },
                {
                    "genome_id": "NZ_JADNCY010000012",
                    "chromosome": "1",
                    "genomic_start": 27070,
                    "genomic_end": 27080,
                    "strand": "+",
                    "aligned_sequence_gapped": "-----G---T--A----TG---AGA----CG----G----------",
                    "vector": "0100000010000110000110000010000000000",
                    "conservation": "18.92%",
                    "gapped_start": 202,
                    "gapped_end": 247
                },
                {
                    "genome_id": "NZ_JADNCY010000008",
                    "chromosome": "1",
                    "genomic_start": 863,
                    "genomic_end": 899,
                    "strand": "-",
                    "aligned_sequence_gapped": "T----GTTTCAGATGCCTGTCA-GATCAATGACTTTG---A-CCAC",
                    "vector": "1111111111111111111111111111111111111",
                    "conservation": "100.00%",
                    "gapped_start": 202,
                    "gapped_end": 247
                },
                {
                    "genome_id": "NZ_JAASHE010000001",
                    "chromosome": "1",
                    "genomic_start": 848921,
                    "genomic_end": 848965,
                    "strand": "+",
                    "aligned_sequence_gapped": "CTGTAGTTTCAGATGCCTGTCA-GATCAATGACTTTGACCACCCAC",
                    "vector": "0000011111111111111111111111111111110",
                    "conservation": "83.78%",
                    "gapped_start": 202,
                    "gapped_end": 247
                },
                {
                    "genome_id": "NZ_JAASHE010000001",
                    "chromosome": "1",
                    "genomic_start": 850881,
                    "genomic_end": 850891,
                    "strand": "+",
                    "aligned_sequence_gapped": "-----G---T--A----TG---AGA----CG----G----------",
                    "vector": "0100000010000110000110000010000000000",
                    "conservation": "18.92%",
                    "gapped_start": 202,
                    "gapped_end": 247
                },
                {
                    "genome_id": "NZ_JAASHE010000007",
                    "chromosome": "1",
                    "genomic_start": 534,
                    "genomic_end": 570,
                    "strand": "-",
                    "aligned_sequence_gapped": "T----GTTTCAGATGCCTGTCA-GATCAATGACTTTG---A-CCAC",
                    "vector": "1111111111111111111111111111111111111",
                    "conservation": "100.00%",
                    "gapped_start": 202,
                    "gapped_end": 247
                },
                {
                    "genome_id": "NZ_JAPWEA010000009",
                    "chromosome": "1",
                    "genomic_start": 947,
                    "genomic_end": 950,
                    "strand": "-",
                    "aligned_sequence_gapped": "------------A-----------A----C-----T----------",
                    "vector": "0000000010000000000100000000001000000",
                    "conservation": "8.11%",
                    "gapped_start": 202,
                    "gapped_end": 247
                },
                {
                    "genome_id": "NZ_JAPWDZ010000008",
                    "chromosome": "1",
                    "genomic_start": 947,
                    "genomic_end": 950,
                    "strand": "+",
                    "aligned_sequence_gapped": "------------A-----------A----C-----T----------",
                    "vector": "0000000010000000000100000000001000000",
                    "conservation": "8.11%",
                    "gapped_start": 202,
                    "gapped_end": 247
                },
                {
                    "genome_id": "NZ_JAQCPX010000019",
                    "chromosome": "1",
                    "genomic_start": 7504,
                    "genomic_end": 7518,
                    "strand": "-",
                    "aligned_sequence_gapped": "C----G---TCGA----TG---CG-T---AG---TT----------",
                    "vector": "0100000110000110000101000010001100000",
                    "conservation": "27.03%",
                    "gapped_start": 202,
                    "gapped_end": 247
                },
                {
                    "genome_id": "NZ_JAQCPX010000011",
                    "chromosome": "1",
                    "genomic_start": 910,
                    "genomic_end": 946,
                    "strand": "-",
                    "aligned_sequence_gapped": "T----GTTTCAGATGCCTGTCA-GATCAATGACTTTG---A-CCAC",
                    "vector": "1111111111111111111111111111111111111",
                    "conservation": "100.00%",
                    "gapped_start": 202,
                    "gapped_end": 247
                },
                {
                    "genome_id": "NZ_JAQKIB010000005",
                    "chromosome": "1",
                    "genomic_start": 862,
                    "genomic_end": 898,
                    "strand": "-",
                    "aligned_sequence_gapped": "T----GTTTCAGATGCCTGTCA-GATCAATGACTTTG---A-CCAC",
                    "vector": "1111111111111111111111111111111111111",
                    "conservation": "100.00%",
                    "gapped_start": 202,
                    "gapped_end": 247
                },
                {
                    "genome_id": "NZ_JAQKIB010000003",
                    "chromosome": "1",
                    "genomic_start": 324142,
                    "genomic_end": 324155,
                    "strand": "-",
                    "aligned_sequence_gapped": "-----G---CCGA----TG----GAT---TG---TT----------",
                    "vector": "0100010110000110001110001100011000000",
                    "conservation": "35.14%",
                    "gapped_start": 202,
                    "gapped_end": 247
                },
                {
                    "genome_id": "NZ_JAQKIZ010000008",
                    "chromosome": "1",
                    "genomic_start": 862,
                    "genomic_end": 898,
                    "strand": "-",
                    "aligned_sequence_gapped": "T----GTTTCAGATGCCTGTCA-GATCAATGACTTTG---A-CCAC",
                    "vector": "1111111111111111111111111111111111111",
                    "conservation": "100.00%",
                    "gapped_start": 202,
                    "gapped_end": 247
                },
                {
                    "genome_id": "NZ_JAQKIZ010000013",
                    "chromosome": "1",
                    "genomic_start": 27070,
                    "genomic_end": 27080,
                    "strand": "+",
                    "aligned_sequence_gapped": "-----G---T--A----TG---AGA----CG----G----------",
                    "vector": "0100000010000110000110000010000000000",
                    "conservation": "18.92%",
                    "gapped_start": 202,
                    "gapped_end": 247
                },
                {
                    "genome_id": "NZ_JAQKJA010000013",
                    "chromosome": "1",
                    "genomic_start": 27070,
                    "genomic_end": 27080,
                    "strand": "+",
                    "aligned_sequence_gapped": "-----G---T--A----TG---AGA----CG----G----------",
                    "vector": "0100000010000110000110000010000000000",
                    "conservation": "18.92%",
                    "gapped_start": 202,
                    "gapped_end": 247
                },
                {
                    "genome_id": "NZ_JAQKIY010000008",
                    "chromosome": "1",
                    "genomic_start": 862,
                    "genomic_end": 898,
                    "strand": "-",
                    "aligned_sequence_gapped": "T----GTTTCAGATGCCTGTCA-GATCAATGACTTTG---A-CCAC",
                    "vector": "1111111111111111111111111111111111111",
                    "conservation": "100.00%",
                    "gapped_start": 202,
                    "gapped_end": 247
                },
                {
                    "genome_id": "NZ_JAQKIY010000012",
                    "chromosome": "1",
                    "genomic_start": 27070,
                    "genomic_end": 27080,
                    "strand": "+",
                    "aligned_sequence_gapped": "-----G---T--A----TG---AGA----CG----G----------",
                    "vector": "0100000010000110000110000010000000000",
                    "conservation": "18.92%",
                    "gapped_start": 202,
                    "gapped_end": 247
                },
                {
                    "genome_id": "NZ_JAQKJD010000013",
                    "chromosome": "1",
                    "genomic_start": 11154,
                    "genomic_end": 11190,
                    "strand": "+",
                    "aligned_sequence_gapped": "C----GTTTCAGATGCCTGTCA-GATCAATGACTTTG---A-CCAC",
                    "vector": "0111111111111111111111111111111111111",
                    "conservation": "97.30%",
                    "gapped_start": 202,
                    "gapped_end": 247
                },
                {
                    "genome_id": "NZ_JAQKJA010000008",
                    "chromosome": "1",
                    "genomic_start": 863,
                    "genomic_end": 899,
                    "strand": "-",
                    "aligned_sequence_gapped": "T----GTTTCAGATGCCTGTCA-GATCAATGACTTTG---A-CCAC",
                    "vector": "1111111111111111111111111111111111111",
                    "conservation": "100.00%",
                    "gapped_start": 202,
                    "gapped_end": 247
                }
            ]
        }
    },
    {
        "hit_id": "regex_NZ_JAQKID010000006__TGTTTCAGATGCCTGTCAGATCAATGACTTTGACCAC_28_36_TGTTTCAGATGCCTGTCAGATCAATGACTTTGACCAC_rc_35",
        "reference_genome": "NZ_JAQKID010000006",
        "chromosome": "1",
        "genomic_start": 102050,
        "genomic_end": 102086,
        "strand": "+",
        "motif_type": "regex",
        "motif_name": "_TGTTTCAGATGCCTGTCAGATCAATGACTTTGACCAC_28_36_TGTTTCAGATGCCTGTCAGATCAATGACTTTGACCAC",
        "motif_length": 37,
        "gapped_motif": "GTGGTCAAAGTCATTGATC-T-GACAGGCATCTG-AA--------A-C-A",
        "gapped_start": 46,
        "gapped_end": 95,
        "ungapped_start": 36,
        "ungapped_end": 72,
        "motif": "TGTTTCAGATGCCTGTCAGATCAATGACTTTGACCAC",
        "motif_strand": "-",
        "conservation": {
            "value": 95.88,
            "other_genomes": [
                {
                    "genome_id": "NZ_CP174189",
                    "chromosome": "1",
                    "genomic_start": 227302,
                    "genomic_end": 227348,
                    "strand": "+",
                    "aligned_sequence_gapped": "GTGGTCAAAGTCATTGATC-T-GACAGGCATCTGAAACC-GCCTCATCGA",
                    "vector": "1111111111111111111111111111111101100",
                    "conservation": "91.89%",
                    "gapped_start": 46,
                    "gapped_end": 95
                },
                {
                    "genome_id": "NZ_JBCOFT010000001",
                    "chromosome": "1",
                    "genomic_start": 99207,
                    "genomic_end": 99251,
                    "strand": "-",
                    "aligned_sequence_gapped": "GTGGTCAAAGTCATTGATC-T-GACAGGCATCTGAAACC-CCATCA--GA",
                    "vector": "1111111111111111111111111111111101100",
                    "conservation": "91.89%",
                    "gapped_start": 46,
                    "gapped_end": 95
                },
                {
                    "genome_id": "NZ_JBCOFS010000002",
                    "chromosome": "1",
                    "genomic_start": 99187,
                    "genomic_end": 99231,
                    "strand": "-",
                    "aligned_sequence_gapped": "GTGGTCAAAGTCATTGATC-T-GACAGGCATCTGAAACC-CCATCA--GA",
                    "vector": "1111111111111111111111111111111101100",
                    "conservation": "91.89%",
                    "gapped_start": 46,
                    "gapped_end": 95
                },
                {
                    "genome_id": "NZ_JBDOUG010000009",
                    "chromosome": "1",
                    "genomic_start": 100183,
                    "genomic_end": 100219,
                    "strand": "-",
                    "aligned_sequence_gapped": "GTGGTCAAAGTCATTGATC-T-GACAGGCATCTG-AA--------A-C-A",
                    "vector": "1111111111111111111111111111111111111",
                    "conservation": "100.00%",
                    "gapped_start": 46,
                    "gapped_end": 95
                },
                {
                    "genome_id": "NZ_JBDOUF010000040",
                    "chromosome": "1",
                    "genomic_start": 21148,
                    "genomic_end": 21184,
                    "strand": "+",
                    "aligned_sequence_gapped": "GTGGTCAAAGTCATTGATC-T-GACAGGCATCTG-AA--------A-C-A",
                    "vector": "1111111111111111111111111111111111111",
                    "conservation": "100.00%",
                    "gapped_start": 46,
                    "gapped_end": 95
                },
                {
                    "genome_id": "NZ_JBDOUH010000005",
                    "chromosome": "1",
                    "genomic_start": 99969,
                    "genomic_end": 100005,
                    "strand": "-",
                    "aligned_sequence_gapped": "GTGGTCAAAGTCATTGATC-T-GACAGGCATCTG-AA--------A-C-A",
                    "vector": "1111111111111111111111111111111111111",
                    "conservation": "100.00%",
                    "gapped_start": 46,
                    "gapped_end": 95
                },
                {
                    "genome_id": "NZ_JBDOUD010000005",
                    "chromosome": "1",
                    "genomic_start": 123571,
                    "genomic_end": 123607,
                    "strand": "+",
                    "aligned_sequence_gapped": "GTGGTCAAAGTCATTGATC-T-GACAGGCATCTG-AA--------A-C-A",
                    "vector": "1111111111111111111111111111111111111",
                    "conservation": "100.00%",
                    "gapped_start": 46,
                    "gapped_end": 95
                },
                {
                    "genome_id": "NZ_JBDOUE010000024",
                    "chromosome": "1",
                    "genomic_start": 21090,
                    "genomic_end": 21126,
                    "strand": "+",
                    "aligned_sequence_gapped": "GTGGTCAAAGTCATTGATC-T-GACAGGCATCTG-AA--------A-C-A",
                    "vector": "1111111111111111111111111111111111111",
                    "conservation": "100.00%",
                    "gapped_start": 46,
                    "gapped_end": 95
                },
                {
                    "genome_id": "NZ_JBDOUC010000007",
                    "chromosome": "1",
                    "genomic_start": 99947,
                    "genomic_end": 99983,
                    "strand": "-",
                    "aligned_sequence_gapped": "GTGGTCAAAGTCATTGATC-T-GACAGGCATCTG-AA--------A-C-A",
                    "vector": "1111111111111111111111111111111111111",
                    "conservation": "100.00%",
                    "gapped_start": 46,
                    "gapped_end": 95
                },
                {
                    "genome_id": "NZ_JBDOUB010000007",
                    "chromosome": "1",
                    "genomic_start": 21090,
                    "genomic_end": 21126,
                    "strand": "+",
                    "aligned_sequence_gapped": "GTGGTCAAAGTCATTGATC-T-GACAGGCATCTG-AA--------A-C-A",
                    "vector": "1111111111111111111111111111111111111",
                    "conservation": "100.00%",
                    "gapped_start": 46,
                    "gapped_end": 95
                },
                {
                    "genome_id": "NZ_JAQKIC010000008",
                    "chromosome": "1",
                    "genomic_start": 99945,
                    "genomic_end": 99981,
                    "strand": "-",
                    "aligned_sequence_gapped": "GTGGTCAAAGTCATTGATC-T-GACAGGCATCTG-AA--------A-C-A",
                    "vector": "1111111111111111111111111111111111111",
                    "conservation": "100.00%",
                    "gapped_start": 46,
                    "gapped_end": 95
                },
                {
                    "genome_id": "NC_014616",
                    "chromosome": "1",
                    "genomic_start": 227582,
                    "genomic_end": 227628,
                    "strand": "+",
                    "aligned_sequence_gapped": "GTGGTCAAAGTCATTGATC-T-GACAGGCATCTGAAACC-GCCTCATCGA",
                    "vector": "1111111111111111111111111111111101100",
                    "conservation": "91.89%",
                    "gapped_start": 46,
                    "gapped_end": 95
                },
                {
                    "genome_id": "NZ_JSDX01000008",
                    "chromosome": "1",
                    "genomic_start": 111183,
                    "genomic_end": 111213,
                    "strand": "+",
                    "aligned_sequence_gapped": "--GG-C--A-TC-TGAAACGTGGGCAGCCAGCT--AC--------A--GA",
                    "vector": "0011010010110100101010101110110110101",
                    "conservation": "54.05%",
                    "gapped_start": 46,
                    "gapped_end": 95
                },
                {
                    "genome_id": "NZ_JSDW01000005",
                    "chromosome": "1",
                    "genomic_start": 118441,
                    "genomic_end": 118477,
                    "strand": "+",
                    "aligned_sequence_gapped": "GTGGTCAAAGTCATTGATC-T-GACAGGCATCTG-AA--------A-C-A",
                    "vector": "1111111111111111111111111111111111111",
                    "conservation": "100.00%",
                    "gapped_start": 46,
                    "gapped_end": 95
                },
                {
                    "genome_id": "NZ_JADMYV010000005",
                    "chromosome": "1",
                    "genomic_start": 99950,
                    "genomic_end": 99986,
                    "strand": "+",
                    "aligned_sequence_gapped": "GTGGTCAAAGTCATTGATC-T-GACAGGCATCTG-AA--------A-C-A",
                    "vector": "1111111111111111111111111111111111111",
                    "conservation": "100.00%",
                    "gapped_start": 46,
                    "gapped_end": 95
                },
                {
                    "genome_id": "NZ_JADNCY010000008",
                    "chromosome": "1",
                    "genomic_start": 99879,
                    "genomic_end": 99915,
                    "strand": "+",
                    "aligned_sequence_gapped": "GTGGTCAAAGTCATTGATC-T-GACAGGCATCTG-AA--------A-C-A",
                    "vector": "1111111111111111111111111111111111111",
                    "conservation": "100.00%",
                    "gapped_start": 46,
                    "gapped_end": 95
                },
                {
                    "genome_id": "NZ_JAQCPX010000011",
                    "chromosome": "1",
                    "genomic_start": 52383,
                    "genomic_end": 52429,
                    "strand": "+",
                    "aligned_sequence_gapped": "GTGGTCAAAGTCATTGATC-T-GACAGGCATCTGAAACCAATATCACC-A",
                    "vector": "1111111111111111111111111111111101100",
                    "conservation": "91.89%",
                    "gapped_start": 46,
                    "gapped_end": 95
                },
                {
                    "genome_id": "NZ_JAQKIY010000008",
                    "chromosome": "1",
                    "genomic_start": 99878,
                    "genomic_end": 99914,
                    "strand": "+",
                    "aligned_sequence_gapped": "GTGGTCAAAGTCATTGATC-T-GACAGGCATCTG-AA--------A-C-A",
                    "vector": "1111111111111111111111111111111111111",
                    "conservation": "100.00%",
                    "gapped_start": 46,
                    "gapped_end": 95
                },
                {
                    "genome_id": "NZ_JAQKJA010000008",
                    "chromosome": "1",
                    "genomic_start": 99879,
                    "genomic_end": 99915,
                    "strand": "+",
                    "aligned_sequence_gapped": "GTGGTCAAAGTCATTGATC-T-GACAGGCATCTG-AA--------A-C-A",
                    "vector": "1111111111111111111111111111111111111",
                    "conservation": "100.00%",
                    "gapped_start": 46,
                    "gapped_end": 95
                },
                {
                    "genome_id": "NZ_JAQKIZ010000008",
                    "chromosome": "1",
                    "genomic_start": 99812,
                    "genomic_end": 99848,
                    "strand": "+",
                    "aligned_sequence_gapped": "GTGGTCAAAGTCATTGATC-T-GACAGGCATCTG-AA--------A-C-A",
                    "vector": "1111111111111111111111111111111111111",
                    "conservation": "100.00%",
                    "gapped_start": 46,
                    "gapped_end": 95
                },
                {
                    "genome_id": "NZ_JAQKIB010000005",
                    "chromosome": "1",
                    "genomic_start": 123699,
                    "genomic_end": 123735,
                    "strand": "+",
                    "aligned_sequence_gapped": "GTGGTCAAAGTCATTGATC-T-GACAGGCATCTG-AA--------A-C-A",
                    "vector": "1111111111111111111111111111111111111",
                    "conservation": "100.00%",
                    "gapped_start": 46,
                    "gapped_end": 95
                }
            ]
        }
    }
]