[
    {
        "hit_id": "regex_NZ_JAQKID010000007__TGTTTCAGATGCCTGTCAGATCAATGACTTTGACCAC_28_36_TGTTTCAGATGCCTGTCAGATCAATGACTTTGACCAC_rc_3",
        "reference_genome": "NZ_JAQKID010000007",
        "chromosome": "1",
        "genomic_start": 1813,
        "genomic_end": 1849,
        "strand": "+",
        "motif_type": "regex",
        "motif_name": "_TGTTTCAGATGCCTGTCAGATCAATGACTTTGACCAC_28_36_TGTTTCAGATGCCTGTCAGATCAATGACTTTGACCAC",
        "motif_length": 37,
        "gapped_motif": "GTGGTCAAAGTCATTGATCTGACAGGCATCTGAAACA",
        "gapped_start": 4,
        "gapped_end": 40,
        "ungapped_start": 4,
        "ungapped_end": 40,
        "motif": "TGTTTCAGATGCCTGTCAGATCAATGACTTTGACCAC",
        "motif_strand": "-",
        "conservation": {
            "value": 86.67,
            "other_genomes": [
                {
                    "genome_id": "NZ_JBDOUG010000003",
                    "chromosome": "1",
                    "genomic_start": 1571,
                    "genomic_end": 1607,
                    "strand": "+",
                    "aligned_sequence_gapped": "GTGGTCAAAGTCATTGATCTGACAGGCATCTGAAACA",
                    "vector": "1111111111111111111111111111111111111",
                    "conservation": "100.00%",
                    "gapped_start": 4,
                    "gapped_end": 40
                },
                {
                    "genome_id": "NZ_JBDOUF010000005",
                    "chromosome": "1",
                    "genomic_start": 1571,
                    "genomic_end": 1607,
                    "strand": "+",
                    "aligned_sequence_gapped": "GTGGTCAAAGTCATTGATCTGACAGGCATCTGAAACA",
                    "vector": "1111111111111111111111111111111111111",
                    "conservation": "100.00%",
                    "gapped_start": 4,
                    "gapped_end": 40
                },
                {
                    "genome_id": "NZ_JBDOUH010000004",
                    "chromosome": "1",
                    "genomic_start": 1813,
                    "genomic_end": 1849,
                    "strand": "+",
                    "aligned_sequence_gapped": "GTGGTCAAAGTCATTGATCTGACAGGCATCTGAAACA",
                    "vector": "1111111111111111111111111111111111111",
                    "conservation": "100.00%",
                    "gapped_start": 4,
                    "gapped_end": 40
                },
                {
                    "genome_id": "NZ_JBDOUD010000008",
                    "chromosome": "1",
                    "genomic_start": 1571,
                    "genomic_end": 1607,
                    "strand": "+",
                    "aligned_sequence_gapped": "GTGGTCAAAGTCATTGATCTGACAGGCATCTGAAACA",
                    "vector": "1111111111111111111111111111111111111",
                    "conservation": "100.00%",
                    "gapped_start": 4,
                    "gapped_end": 40
                },
                {
                    "genome_id": "NZ_JBDOUE010000003",
                    "chromosome": "1",
                    "genomic_start": 1813,
                    "genomic_end": 1849,
                    "strand": "+",
                    "aligned_sequence_gapped": "GTGGTCAAAGTCATTGATCTGACAGGCATCTGAAACA",
                    "vector": "1111111111111111111111111111111111111",
                    "conservation": "100.00%",
                    "gapped_start": 4,
                    "gapped_end": 40
                },
                {
                    "genome_id": "NZ_JBDOUC010000001",
                    "chromosome": "1",
                    "genomic_start": 1813,
                    "genomic_end": 1849,
                    "strand": "-",
                    "aligned_sequence_gapped": "GTGGTCAAAGTCATTGATCTGACAGGCATCTGAAACA",
                    "vector": "1111111111111111111111111111111111111",
                    "conservation": "100.00%",
                    "gapped_start": 4,
                    "gapped_end": 40
                },
                {
                    "genome_id": "NZ_JBDOUB010000001",
                    "chromosome": "1",
                    "genomic_start": 1813,
                    "genomic_end": 1849,
                    "strand": "-",
                    "aligned_sequence_gapped": "GTGGTCAAAGTCATTGATCTGACAGGCATCTGAAACA",
                    "vector": "1111111111111111111111111111111111111",
                    "conservation": "100.00%",
                    "gapped_start": 4,
                    "gapped_end": 40
                },
                {
                    "genome_id": "NZ_JAQKIC010000002",
                    "chromosome": "1",
                    "genomic_start": 1522,
                    "genomic_end": 1558,
                    "strand": "+",
                    "aligned_sequence_gapped": "GTGGTCAAAGTCATTGATCTGACAGGCATCTGAAACA",
                    "vector": "1111111111111111111111111111111111111",
                    "conservation": "100.00%",
                    "gapped_start": 4,
                    "gapped_end": 40
                },
                {
                    "genome_id": "NZ_JAQKIB010000003",
                    "chromosome": "1",
                    "genomic_start": 1571,
                    "genomic_end": 1607,
                    "strand": "+",
                    "aligned_sequence_gapped": "GTGGTCAAAGTCATTGATCTGACAGGCATCTGAAACA",
                    "vector": "1111111111111111111111111111111111111",
                    "conservation": "100.00%",
                    "gapped_start": 4,
                    "gapped_end": 40
                },
                {
                    "genome_id": "NZ_JAQKIZ010000013",
                    "chromosome": "1",
                    "genomic_start": 2243,
                    "genomic_end": 2266,
                    "strand": "-",
                    "aligned_sequence_gapped": "-------------TTGATCTGACAGGCATCTGAAACC",
                    "vector": "0000000000000111111111111111111111110",
                    "conservation": "62.16%",
                    "gapped_start": 4,
                    "gapped_end": 40
                },
                {
                    "genome_id": "NZ_JAQKJA010000013",
                    "chromosome": "1",
                    "genomic_start": 2243,
                    "genomic_end": 2266,
                    "strand": "-",
                    "aligned_sequence_gapped": "-------------TTGATCTGACAGGCATCTGAAACC",
                    "vector": "0000000000000111111111111111111111110",
                    "conservation": "62.16%",
                    "gapped_start": 4,
                    "gapped_end": 40
                },
                {
                    "genome_id": "NZ_JAQKIY010000012",
                    "chromosome": "1",
                    "genomic_start": 2243,
                    "genomic_end": 2266,
                    "strand": "-",
                    "aligned_sequence_gapped": "-------------TTGATCTGACAGGCATCTGAAACC",
                    "vector": "0000000000000111111111111111111111110",
                    "conservation": "62.16%",
                    "gapped_start": 4,
                    "gapped_end": 40
                },
                {
                    "genome_id": "NZ_JADNCY010000012",
                    "chromosome": "1",
                    "genomic_start": 2243,
                    "genomic_end": 2266,
                    "strand": "-",
                    "aligned_sequence_gapped": "-------------TTGATCTGACAGGCATCTGAAACC",
                    "vector": "0000000000000111111111111111111111110",
                    "conservation": "62.16%",
                    "gapped_start": 4,
                    "gapped_end": 40
                },
                {
                    "genome_id": "NZ_JADMYV010000001",
                    "chromosome": "1",
                    "genomic_start": 1549,
                    "genomic_end": 1585,
                    "strand": "+",
                    "aligned_sequence_gapped": "GTGGTCAAAGTCATTGATCTGACAGGCATCTGAAACA",
                    "vector": "1111111111111111111111111111111111111",
                    "conservation": "100.00%",
                    "gapped_start": 4,
                    "gapped_end": 40
                },
                {
                    "genome_id": "NZ_WDOM01000022",
                    "chromosome": "1",
                    "genomic_start": 713,
                    "genomic_end": 732,
                    "strand": "+",
                    "aligned_sequence_gapped": "--GG-C--A-TC--TGA---AACA--CA-C---AACA",
                    "vector": "0011010010110011100001110011010001111",
                    "conservation": "51.35%",
                    "gapped_start": 4,
                    "gapped_end": 40
                }
            ]
        }
    }
]