[
    {
        "hit_id": "regex_NZ_JBDOUG010000003__TGTTTCAGATGCCTGTCAGATCAATGACTTTGACCAC_28_36_TGTTTCAGATGCCTGTCAGATCAATGACTTTGACCAC_26",
        "reference_genome": "NZ_JBDOUG010000003",
        "chromosome": "1",
        "genomic_start": 207784,
        "genomic_end": 207820,
        "strand": "-",
        "motif_type": "regex",
        "motif_name": "_TGTTTCAGATGCCTGTCAGATCAATGACTTTGACCAC_28_36_TGTTTCAGATGCCTGTCAGATCAATGACTTTGACCAC",
        "motif_length": 37,
        "gapped_motif": "TGTTTCAGATGCCTGTCAGATCAATGACTTTGACCAC",
        "gapped_start": 28,
        "gapped_end": 64,
        "ungapped_start": 27,
        "ungapped_end": 63,
        "motif": "TGTTTCAGATGCCTGTCAGATCAATGACTTTGACCAC",
        "motif_strand": "-",
        "conservation": {
            "value": 100.0,
            "other_genomes": [
                {
                    "genome_id": "NZ_JBDOUF010000005",
                    "chromosome": "1",
                    "genomic_start": 88279,
                    "genomic_end": 88315,
                    "strand": "-",
                    "aligned_sequence_gapped": "TGTTTCAGATGCCTGTCAGATCAATGACTTTGACCAC",
                    "vector": "1111111111111111111111111111111111111",
                    "conservation": "100.00%",
                    "gapped_start": 28,
                    "gapped_end": 64
                },
                {
                    "genome_id": "NZ_JBDOUH010000004",
                    "chromosome": "1",
                    "genomic_start": 125801,
                    "genomic_end": 125837,
                    "strand": "-",
                    "aligned_sequence_gapped": "TGTTTCAGATGCCTGTCAGATCAATGACTTTGACCAC",
                    "vector": "1111111111111111111111111111111111111",
                    "conservation": "100.00%",
                    "gapped_start": 28,
                    "gapped_end": 64
                },
                {
                    "genome_id": "NZ_JBDOUD010000008",
                    "chromosome": "1",
                    "genomic_start": 87692,
                    "genomic_end": 87728,
                    "strand": "-",
                    "aligned_sequence_gapped": "TGTTTCAGATGCCTGTCAGATCAATGACTTTGACCAC",
                    "vector": "1111111111111111111111111111111111111",
                    "conservation": "100.00%",
                    "gapped_start": 28,
                    "gapped_end": 64
                },
                {
                    "genome_id": "NZ_JBDOUE010000003",
                    "chromosome": "1",
                    "genomic_start": 207560,
                    "genomic_end": 207596,
                    "strand": "-",
                    "aligned_sequence_gapped": "TGTTTCAGATGCCTGTCAGATCAATGACTTTGACCAC",
                    "vector": "1111111111111111111111111111111111111",
                    "conservation": "100.00%",
                    "gapped_start": 28,
                    "gapped_end": 64
                },
                {
                    "genome_id": "NZ_JBDOUB010000001",
                    "chromosome": "1",
                    "genomic_start": 1371848,
                    "genomic_end": 1371884,
                    "strand": "+",
                    "aligned_sequence_gapped": "TGTTTCAGATGCCTGTCAGATCAATGACTTTGACCAC",
                    "vector": "1111111111111111111111111111111111111",
                    "conservation": "100.00%",
                    "gapped_start": 28,
                    "gapped_end": 64
                },
                {
                    "genome_id": "NZ_JBDOUC010000001",
                    "chromosome": "1",
                    "genomic_start": 337605,
                    "genomic_end": 337641,
                    "strand": "+",
                    "aligned_sequence_gapped": "TGTTTCAGATGCCTGTCAGATCAATGACTTTGACCAC",
                    "vector": "1111111111111111111111111111111111111",
                    "conservation": "100.00%",
                    "gapped_start": 28,
                    "gapped_end": 64
                },
                {
                    "genome_id": "NZ_JADMYV010000001",
                    "chromosome": "1",
                    "genomic_start": 801403,
                    "genomic_end": 801439,
                    "strand": "-",
                    "aligned_sequence_gapped": "TGTTTCAGATGCCTGTCAGATCAATGACTTTGACCAC",
                    "vector": "1111111111111111111111111111111111111",
                    "conservation": "100.00%",
                    "gapped_start": 28,
                    "gapped_end": 64
                },
                {
                    "genome_id": "NZ_JAQKIB010000003",
                    "chromosome": "1",
                    "genomic_start": 323903,
                    "genomic_end": 323939,
                    "strand": "-",
                    "aligned_sequence_gapped": "TGTTTCAGATGCCTGTCAGATCAATGACTTTGACCAC",
                    "vector": "1111111111111111111111111111111111111",
                    "conservation": "100.00%",
                    "gapped_start": 28,
                    "gapped_end": 64
                },
                {
                    "genome_id": "NZ_JAQKID010000007",
                    "chromosome": "1",
                    "genomic_start": 87668,
                    "genomic_end": 87704,
                    "strand": "-",
                    "aligned_sequence_gapped": "TGTTTCAGATGCCTGTCAGATCAATGACTTTGACCAC",
                    "vector": "1111111111111111111111111111111111111",
                    "conservation": "100.00%",
                    "gapped_start": 28,
                    "gapped_end": 64
                },
                {
                    "genome_id": "NZ_JAQKIC010000002",
                    "chromosome": "1",
                    "genomic_start": 289487,
                    "genomic_end": 289523,
                    "strand": "-",
                    "aligned_sequence_gapped": "TGTTTCAGATGCCTGTCAGATCAATGACTTTGACCAC",
                    "vector": "1111111111111111111111111111111111111",
                    "conservation": "100.00%",
                    "gapped_start": 28,
                    "gapped_end": 64
                }
            ]
        }
    }
]