[
    {
        "hit_id": "regex_NZ_JBDOUD010000008__TGTTTCAGATGCCTGTCAGATCAATGACTTTGACCAC_28_36_TGTTTCAGATGCCTGTCAGATCAATGACTTTGACCAC_rc_9",
        "reference_genome": "NZ_JBDOUD010000008",
        "chromosome": "1",
        "genomic_start": 1901,
        "genomic_end": 1937,
        "strand": "+",
        "motif_type": "regex",
        "motif_name": "_TGTTTCAGATGCCTGTCAGATCAATGACTTTGACCAC_28_36_TGTTTCAGATGCCTGTCAGATCAATGACTTTGACCAC",
        "motif_length": 37,
        "gapped_motif": "GTGGTCAAAGTCATTGATCTGACAGGCATCTGAAACA",
        "gapped_start": 10,
        "gapped_end": 46,
        "ungapped_start": 10,
        "ungapped_end": 46,
        "motif": "TGTTTCAGATGCCTGTCAGATCAATGACTTTGACCAC",
        "motif_strand": "-",
        "conservation": {
            "value": 100.0,
            "other_genomes": [
                {
                    "genome_id": "NZ_JBDOUG010000003",
                    "chromosome": "1",
                    "genomic_start": 1901,
                    "genomic_end": 1937,
                    "strand": "+",
                    "aligned_sequence_gapped": "GTGGTCAAAGTCATTGATCTGACAGGCATCTGAAACA",
                    "vector": "1111111111111111111111111111111111111",
                    "conservation": "100.00%",
                    "gapped_start": 10,
                    "gapped_end": 46
                },
                {
                    "genome_id": "NZ_JBDOUF010000005",
                    "chromosome": "1",
                    "genomic_start": 1901,
                    "genomic_end": 1937,
                    "strand": "+",
                    "aligned_sequence_gapped": "GTGGTCAAAGTCATTGATCTGACAGGCATCTGAAACA",
                    "vector": "1111111111111111111111111111111111111",
                    "conservation": "100.00%",
                    "gapped_start": 10,
                    "gapped_end": 46
                },
                {
                    "genome_id": "NZ_JBDOUH010000004",
                    "chromosome": "1",
                    "genomic_start": 2143,
                    "genomic_end": 2179,
                    "strand": "+",
                    "aligned_sequence_gapped": "GTGGTCAAAGTCATTGATCTGACAGGCATCTGAAACA",
                    "vector": "1111111111111111111111111111111111111",
                    "conservation": "100.00%",
                    "gapped_start": 10,
                    "gapped_end": 46
                },
                {
                    "genome_id": "NZ_JBDOUE010000003",
                    "chromosome": "1",
                    "genomic_start": 2143,
                    "genomic_end": 2179,
                    "strand": "+",
                    "aligned_sequence_gapped": "GTGGTCAAAGTCATTGATCTGACAGGCATCTGAAACA",
                    "vector": "1111111111111111111111111111111111111",
                    "conservation": "100.00%",
                    "gapped_start": 10,
                    "gapped_end": 46
                },
                {
                    "genome_id": "NZ_JBDOUB010000001",
                    "chromosome": "1",
                    "genomic_start": 2143,
                    "genomic_end": 2179,
                    "strand": "-",
                    "aligned_sequence_gapped": "GTGGTCAAAGTCATTGATCTGACAGGCATCTGAAACA",
                    "vector": "1111111111111111111111111111111111111",
                    "conservation": "100.00%",
                    "gapped_start": 10,
                    "gapped_end": 46
                },
                {
                    "genome_id": "NZ_JAQKID010000007",
                    "chromosome": "1",
                    "genomic_start": 2143,
                    "genomic_end": 2179,
                    "strand": "+",
                    "aligned_sequence_gapped": "GTGGTCAAAGTCATTGATCTGACAGGCATCTGAAACA",
                    "vector": "1111111111111111111111111111111111111",
                    "conservation": "100.00%",
                    "gapped_start": 10,
                    "gapped_end": 46
                },
                {
                    "genome_id": "NZ_JAQKIC010000002",
                    "chromosome": "1",
                    "genomic_start": 1852,
                    "genomic_end": 1888,
                    "strand": "+",
                    "aligned_sequence_gapped": "GTGGTCAAAGTCATTGATCTGACAGGCATCTGAAACA",
                    "vector": "1111111111111111111111111111111111111",
                    "conservation": "100.00%",
                    "gapped_start": 10,
                    "gapped_end": 46
                },
                {
                    "genome_id": "NZ_JAQKIB010000003",
                    "chromosome": "1",
                    "genomic_start": 1901,
                    "genomic_end": 1937,
                    "strand": "+",
                    "aligned_sequence_gapped": "GTGGTCAAAGTCATTGATCTGACAGGCATCTGAAACA",
                    "vector": "1111111111111111111111111111111111111",
                    "conservation": "100.00%",
                    "gapped_start": 10,
                    "gapped_end": 46
                },
                {
                    "genome_id": "NZ_JADMYV010000001",
                    "chromosome": "1",
                    "genomic_start": 1879,
                    "genomic_end": 1915,
                    "strand": "+",
                    "aligned_sequence_gapped": "GTGGTCAAAGTCATTGATCTGACAGGCATCTGAAACA",
                    "vector": "1111111111111111111111111111111111111",
                    "conservation": "100.00%",
                    "gapped_start": 10,
                    "gapped_end": 46
                },
                {
                    "genome_id": "NZ_JBDOUC010000001",
                    "chromosome": "1",
                    "genomic_start": 2143,
                    "genomic_end": 2179,
                    "strand": "-",
                    "aligned_sequence_gapped": "GTGGTCAAAGTCATTGATCTGACAGGCATCTGAAACA",
                    "vector": "1111111111111111111111111111111111111",
                    "conservation": "100.00%",
                    "gapped_start": 10,
                    "gapped_end": 46
                }
            ]
        }
    }
]