[
    {
        "hit_id": "regex_NZ_JBDMTY010000017__TGTTTCAGATGCCTGTCAGATCAATGACTTTGACCAC_28_36_TGTTTCAGATGCCTGTCAGATCAATGACTTTGACCAC_rc_135",
        "reference_genome": "NZ_JBDMTY010000017",
        "chromosome": "1",
        "genomic_start": 4288,
        "genomic_end": 4324,
        "strand": "-",
        "motif_type": "regex",
        "motif_name": "_TGTTTCAGATGCCTGTCAGATCAATGACTTTGACCAC_28_36_TGTTTCAGATGCCTGTCAGATCAATGACTTTGACCAC",
        "motif_length": 37,
        "gapped_motif": "GTGGTCAAAGTCATTGATCTGACAGGCATCTGAAACA",
        "gapped_start": 136,
        "gapped_end": 172,
        "ungapped_start": 136,
        "ungapped_end": 172,
        "motif": "TGTTTCAGATGCCTGTCAGATCAATGACTTTGACCAC",
        "motif_strand": "+",
        "conservation": {
            "value": 82.43,
            "other_genomes": [
                {
                    "genome_id": "NZ_JBDOUJ010000014",
                    "chromosome": "1",
                    "genomic_start": 4354,
                    "genomic_end": 4390,
                    "strand": "-",
                    "aligned_sequence_gapped": "GTGGTCAAAGTCATTGATCTGACAGGCATCTGAAACA",
                    "vector": "1111111111111111111111111111111111111",
                    "conservation": "100.00%",
                    "gapped_start": 136,
                    "gapped_end": 172
                },
                {
                    "genome_id": "NZ_JBDMTZ010000018",
                    "chromosome": "1",
                    "genomic_start": 4353,
                    "genomic_end": 4389,
                    "strand": "+",
                    "aligned_sequence_gapped": "GTGGTCAAAGTCATTGATCTGACAGGCATCTGAAACA",
                    "vector": "1111111111111111111111111111111111111",
                    "conservation": "100.00%",
                    "gapped_start": 136,
                    "gapped_end": 172
                },
                {
                    "genome_id": "NZ_JAQKJD010000013",
                    "chromosome": "1",
                    "genomic_start": 4356,
                    "genomic_end": 4392,
                    "strand": "-",
                    "aligned_sequence_gapped": "GTGGTCAAAGTCATTGATCTGACAGGCATCTGAAACA",
                    "vector": "1111111111111111111111111111111111111",
                    "conservation": "100.00%",
                    "gapped_start": 136,
                    "gapped_end": 172
                },
                {
                    "genome_id": "NZ_JSDW01000005",
                    "chromosome": "1",
                    "genomic_start": 119210,
                    "genomic_end": 119220,
                    "strand": "+",
                    "aligned_sequence_gapped": "-T-G-----G-C-TTG---T--------TC-----C-",
                    "vector": "0101000001010111000100000000110000010",
                    "conservation": "29.73%",
                    "gapped_start": 136,
                    "gapped_end": 172
                }
            ]
        }
    },
    {
        "hit_id": "regex_NZ_JBDMTY010000017__TGTTTCAGATGCCTGTCAGATCAATGACTTTGACCAC_28_36_TGTTTCAGATGCCTGTCAGATCAATGACTTTGACCAC_68",
        "reference_genome": "NZ_JBDMTY010000017",
        "chromosome": "1",
        "genomic_start": 9303,
        "genomic_end": 9339,
        "strand": "+",
        "motif_type": "regex",
        "motif_name": "_TGTTTCAGATGCCTGTCAGATCAATGACTTTGACCAC_28_36_TGTTTCAGATGCCTGTCAGATCAATGACTTTGACCAC",
        "motif_length": 37,
        "gapped_motif": "TGTTTCAGATGCCTGTCAGATCAATGACTTTGACCAC",
        "gapped_start": 71,
        "gapped_end": 107,
        "ungapped_start": 69,
        "ungapped_end": 105,
        "motif": "TGTTTCAGATGCCTGTCAGATCAATGACTTTGACCAC",
        "motif_strand": "+",
        "conservation": {
            "value": 100.0,
            "other_genomes": [
                {
                    "genome_id": "NZ_JBCOFT010000001",
                    "chromosome": "1",
                    "genomic_start": 99584,
                    "genomic_end": 99620,
                    "strand": "+",
                    "aligned_sequence_gapped": "TGTTTCAGATGCCTGTCAGATCAATGACTTTGACCAC",
                    "vector": "1111111111111111111111111111111111111",
                    "conservation": "100.00%",
                    "gapped_start": 71,
                    "gapped_end": 107
                },
                {
                    "genome_id": "NZ_JBCOFS010000002",
                    "chromosome": "1",
                    "genomic_start": 70792,
                    "genomic_end": 70828,
                    "strand": "+",
                    "aligned_sequence_gapped": "TGTTTCAGATGCCTGTCAGATCAATGACTTTGACCAC",
                    "vector": "1111111111111111111111111111111111111",
                    "conservation": "100.00%",
                    "gapped_start": 71,
                    "gapped_end": 107
                },
                {
                    "genome_id": "NZ_JBDMTZ010000018",
                    "chromosome": "1",
                    "genomic_start": 9369,
                    "genomic_end": 9405,
                    "strand": "-",
                    "aligned_sequence_gapped": "TGTTTCAGATGCCTGTCAGATCAATGACTTTGACCAC",
                    "vector": "1111111111111111111111111111111111111",
                    "conservation": "100.00%",
                    "gapped_start": 71,
                    "gapped_end": 107
                },
                {
                    "genome_id": "NZ_JAQKJD010000013",
                    "chromosome": "1",
                    "genomic_start": 9369,
                    "genomic_end": 9405,
                    "strand": "+",
                    "aligned_sequence_gapped": "TGTTTCAGATGCCTGTCAGATCAATGACTTTGACCAC",
                    "vector": "1111111111111111111111111111111111111",
                    "conservation": "100.00%",
                    "gapped_start": 71,
                    "gapped_end": 107
                },
                {
                    "genome_id": "NZ_JBDOUJ010000014",
                    "chromosome": "1",
                    "genomic_start": 9369,
                    "genomic_end": 9405,
                    "strand": "+",
                    "aligned_sequence_gapped": "TGTTTCAGATGCCTGTCAGATCAATGACTTTGACCAC",
                    "vector": "1111111111111111111111111111111111111",
                    "conservation": "100.00%",
                    "gapped_start": 71,
                    "gapped_end": 107
                }
            ]
        }
    }
]