[
    {
        "hit_id": "regex_NZ_JBCJCL010000001__TGTTTCAGATGCCTGTCAGATCAATGACTTTGACCAC_28_36_TGTTTCAGATGCCTGTCAGATCAATGACTTTGACCAC_rc_70",
        "reference_genome": "NZ_JBCJCL010000001",
        "chromosome": "1",
        "genomic_start": 100314,
        "genomic_end": 100350,
        "strand": "+",
        "motif_type": "regex",
        "motif_name": "_TGTTTCAGATGCCTGTCAGATCAATGACTTTGACCAC_28_36_TGTTTCAGATGCCTGTCAGATCAATGACTTTGACCAC",
        "motif_length": 37,
        "gapped_motif": "G-TGGT-CAAAGTCATTGATCTGACAGGCATCTGA-AACA",
        "gapped_start": 108,
        "gapped_end": 147,
        "ungapped_start": 71,
        "ungapped_end": 107,
        "motif": "TGTTTCAGATGCCTGTCAGATCAATGACTTTGACCAC",
        "motif_strand": "-",
        "conservation": {
            "value": 78.38,
            "other_genomes": [
                {
                    "genome_id": "NZ_LR698991",
                    "chromosome": "1",
                    "genomic_start": 4476,
                    "genomic_end": 4512,
                    "strand": "-",
                    "aligned_sequence_gapped": "GTTGCTCCACCGCCGGTGGTC--AAAGTCAT-TGATCTGA",
                    "vector": "1011010110010100110110010110111011100",
                    "conservation": "56.76%",
                    "gapped_start": 108,
                    "gapped_end": 147
                },
                {
                    "genome_id": "NZ_JBCJCK010000014",
                    "chromosome": "1",
                    "genomic_start": 15839,
                    "genomic_end": 15875,
                    "strand": "+",
                    "aligned_sequence_gapped": "G-TGGT-CAAAGTCATTGATCTGACAGGCATCTGA-AACA",
                    "vector": "1111111111111111111111111111111111111",
                    "conservation": "100.00%",
                    "gapped_start": 108,
                    "gapped_end": 147
                },
                {
                    "genome_id": "NZ_JAASHE010000001",
                    "chromosome": "1",
                    "genomic_start": 2525,
                    "genomic_end": 2561,
                    "strand": "-",
                    "aligned_sequence_gapped": "G-TGGT-CAAAGTCATTGATCTGACAGGCATCTGA-AACA",
                    "vector": "1111111111111111111111111111111111111",
                    "conservation": "100.00%",
                    "gapped_start": 108,
                    "gapped_end": 147
                },
                {
                    "genome_id": "NZ_CP022723",
                    "chromosome": "1",
                    "genomic_start": 4476,
                    "genomic_end": 4512,
                    "strand": "-",
                    "aligned_sequence_gapped": "GTTGCTCCACCGCCGGTGGTC--AAAGTCAT-TGATCTGA",
                    "vector": "1011010110010100110110010110111011100",
                    "conservation": "56.76%",
                    "gapped_start": 108,
                    "gapped_end": 147
                }
            ]
        }
    }
]