[
    {
        "hit_id": "regex_NZ_JBBNGT010000004__TGTTTCAGATGCCTGTCAGATCAATGACTTTGACCAC_28_36_TGTTTCAGATGCCTGTCAGATCAATGACTTTGACCAC_rc_42",
        "reference_genome": "NZ_JBBNGT010000004",
        "chromosome": "1",
        "genomic_start": 102008,
        "genomic_end": 102044,
        "strand": "-",
        "motif_type": "regex",
        "motif_name": "_TGTTTCAGATGCCTGTCAGATCAATGACTTTGACCAC_28_36_TGTTTCAGATGCCTGTCAGATCAATGACTTTGACCAC",
        "motif_length": 37,
        "gapped_motif": "GTGGTCAAAGTCATTGATCTGACAGGCATCTGAAAC--A",
        "gapped_start": 43,
        "gapped_end": 81,
        "ungapped_start": 43,
        "ungapped_end": 79,
        "motif": "TGTTTCAGATGCCTGTCAGATCAATGACTTTGACCAC",
        "motif_strand": "+",
        "conservation": {
            "value": 97.3,
            "other_genomes": [
                {
                    "genome_id": "NZ_JSDX01000008",
                    "chromosome": "1",
                    "genomic_start": 112348,
                    "genomic_end": 112386,
                    "strand": "+",
                    "aligned_sequence_gapped": "GTGGTCAAAGTCATTGATCTGACAGGCATCTGAAACTGA",
                    "vector": "1111111111111111111111111111111111110",
                    "conservation": "97.30%",
                    "gapped_start": 43,
                    "gapped_end": 81
                }
            ]
        }
    }
]