[
    {
        "hit_id": "regex_NZ_JBCOFS010000002__TGTTTCAGATGCCTGTCAGATCAATGACTTTGACCAC_28_36_TGTTTCAGATGCCTGTCAGATCAATGACTTTGACCAC_rc_53",
        "reference_genome": "NZ_JBCOFS010000002",
        "chromosome": "1",
        "genomic_start": 100443,
        "genomic_end": 100479,
        "strand": "-",
        "motif_type": "regex",
        "motif_name": "_TGTTTCAGATGCCTGTCAGATCAATGACTTTGACCAC_28_36_TGTTTCAGATGCCTGTCAGATCAATGACTTTGACCAC",
        "motif_length": 37,
        "gapped_motif": "GTGGTCAAAGTCATTGATCTGACAGGCATCTGAAACA",
        "gapped_start": 54,
        "gapped_end": 90,
        "ungapped_start": 54,
        "ungapped_end": 90,
        "motif": "TGTTTCAGATGCCTGTCAGATCAATGACTTTGACCAC",
        "motif_strand": "+",
        "conservation": {
            "value": 100.0,
            "other_genomes": [
                {
                    "genome_id": "NZ_JBCOFT010000001",
                    "chromosome": "1",
                    "genomic_start": 100463,
                    "genomic_end": 100499,
                    "strand": "-",
                    "aligned_sequence_gapped": "GTGGTCAAAGTCATTGATCTGACAGGCATCTGAAACA",
                    "vector": "1111111111111111111111111111111111111",
                    "conservation": "100.00%",
                    "gapped_start": 54,
                    "gapped_end": 90
                }
            ]
        }
    },
    {
        "hit_id": "regex_NZ_JBCOFS010000002__TGTTTCAGATGCCTGTCAGATCAATGACTTTGACCAC_28_36_TGTTTCAGATGCCTGTCAGATCAATGACTTTGACCAC_rc_42",
        "reference_genome": "NZ_JBCOFS010000002",
        "chromosome": "1",
        "genomic_start": 100972,
        "genomic_end": 101008,
        "strand": "-",
        "motif_type": "regex",
        "motif_name": "_TGTTTCAGATGCCTGTCAGATCAATGACTTTGACCAC_28_36_TGTTTCAGATGCCTGTCAGATCAATGACTTTGACCAC",
        "motif_length": 37,
        "gapped_motif": "GTGGTCAAAGTCATTGATCTGACAGGCATCTGAAACA",
        "gapped_start": 43,
        "gapped_end": 79,
        "ungapped_start": 43,
        "ungapped_end": 79,
        "motif": "TGTTTCAGATGCCTGTCAGATCAATGACTTTGACCAC",
        "motif_strand": "+",
        "conservation": {
            "value": 100.0,
            "other_genomes": [
                {
                    "genome_id": "NZ_JBCOFT010000001",
                    "chromosome": "1",
                    "genomic_start": 100992,
                    "genomic_end": 101028,
                    "strand": "-",
                    "aligned_sequence_gapped": "GTGGTCAAAGTCATTGATCTGACAGGCATCTGAAACA",
                    "vector": "1111111111111111111111111111111111111",
                    "conservation": "100.00%",
                    "gapped_start": 43,
                    "gapped_end": 79
                }
            ]
        }
    },
    {
        "hit_id": "regex_NZ_JBCOFS010000002__TGTTTCAGATGCCTGTCAGATCAATGACTTTGACCAC_28_36_TGTTTCAGATGCCTGTCAGATCAATGACTTTGACCAC_53",
        "reference_genome": "NZ_JBCOFS010000002",
        "chromosome": "1",
        "genomic_start": 69802,
        "genomic_end": 69838,
        "strand": "+",
        "motif_type": "regex",
        "motif_name": "_TGTTTCAGATGCCTGTCAGATCAATGACTTTGACCAC_28_36_TGTTTCAGATGCCTGTCAGATCAATGACTTTGACCAC",
        "motif_length": 37,
        "gapped_motif": "TGTTTCAGATGCCTGTCAGATCAATGACTTTGACCAC",
        "gapped_start": 54,
        "gapped_end": 90,
        "ungapped_start": 54,
        "ungapped_end": 90,
        "motif": "TGTTTCAGATGCCTGTCAGATCAATGACTTTGACCAC",
        "motif_strand": "+",
        "conservation": {
            "value": 100.0,
            "other_genomes": [
                {
                    "genome_id": "NZ_JBCOFT010000001",
                    "chromosome": "1",
                    "genomic_start": 98594,
                    "genomic_end": 98630,
                    "strand": "+",
                    "aligned_sequence_gapped": "TGTTTCAGATGCCTGTCAGATCAATGACTTTGACCAC",
                    "vector": "1111111111111111111111111111111111111",
                    "conservation": "100.00%",
                    "gapped_start": 54,
                    "gapped_end": 90
                }
            ]
        }
    }
]