[
    {
        "hit_id": "regex_NZ_JBDMTZ010000018__TGTTTCAGATGCCTGTCAGATCAATGACTTTGACCAC_28_36_TGTTTCAGATGCCTGTCAGATCAATGACTTTGACCAC_rc_3",
        "reference_genome": "NZ_JBDMTZ010000018",
        "chromosome": "1",
        "genomic_start": 3956,
        "genomic_end": 3992,
        "strand": "+",
        "motif_type": "regex",
        "motif_name": "_TGTTTCAGATGCCTGTCAGATCAATGACTTTGACCAC_28_36_TGTTTCAGATGCCTGTCAGATCAATGACTTTGACCAC",
        "motif_length": 37,
        "gapped_motif": "GTGGTCAAAGTCATTGATCTGACAGGCATCTGAAACA",
        "gapped_start": 4,
        "gapped_end": 40,
        "ungapped_start": 4,
        "ungapped_end": 40,
        "motif": "TGTTTCAGATGCCTGTCAGATCAATGACTTTGACCAC",
        "motif_strand": "-",
        "conservation": {
            "value": 81.62,
            "other_genomes": [
                {
                    "genome_id": "NZ_JBDOUJ010000014",
                    "chromosome": "1",
                    "genomic_start": 3957,
                    "genomic_end": 3993,
                    "strand": "-",
                    "aligned_sequence_gapped": "GTGGTCAAAGTCATTGATCTGACAGGCATCTGAAACA",
                    "vector": "1111111111111111111111111111111111111",
                    "conservation": "100.00%",
                    "gapped_start": 4,
                    "gapped_end": 40
                },
                {
                    "genome_id": "NZ_JBDMTY010000017",
                    "chromosome": "1",
                    "genomic_start": 3891,
                    "genomic_end": 3927,
                    "strand": "-",
                    "aligned_sequence_gapped": "GTGGTCAAAGTCATTGATCTGACAGGCATCTGAAACA",
                    "vector": "1111111111111111111111111111111111111",
                    "conservation": "100.00%",
                    "gapped_start": 4,
                    "gapped_end": 40
                },
                {
                    "genome_id": "NZ_JAQKJD010000013",
                    "chromosome": "1",
                    "genomic_start": 3959,
                    "genomic_end": 3995,
                    "strand": "-",
                    "aligned_sequence_gapped": "GTGGTCAAAGTCATTGATCTGACAGGCATCTGAAACA",
                    "vector": "1111111111111111111111111111111111111",
                    "conservation": "100.00%",
                    "gapped_start": 4,
                    "gapped_end": 40
                },
                {
                    "genome_id": "NZ_JAPWDZ010000002",
                    "chromosome": "1",
                    "genomic_start": 4471,
                    "genomic_end": 4496,
                    "strand": "-",
                    "aligned_sequence_gapped": "-TGATC--TGACAGGCATCTGA-A---A-CTG--A-A",
                    "vector": "0110110001011000111111010001011100101",
                    "conservation": "54.05%",
                    "gapped_start": 4,
                    "gapped_end": 40
                },
                {
                    "genome_id": "NZ_JAPWEA010000005",
                    "chromosome": "1",
                    "genomic_start": 4471,
                    "genomic_end": 4496,
                    "strand": "-",
                    "aligned_sequence_gapped": "-TGATC--TGACAGGCATCTGA-A---A-CTG--A-A",
                    "vector": "0110110001011000111111010001011100101",
                    "conservation": "54.05%",
                    "gapped_start": 4,
                    "gapped_end": 40
                }
            ]
        }
    }
]