[
    {
        "hit_id": "regex_NZ_JADMZN010000005__TGTTTCAGATGCCTGTCAGATCAATGACTTTGACCAC_28_36_TGTTTCAGATGCCTGTCAGATCAATGACTTTGACCAC_rc_68",
        "reference_genome": "NZ_JADMZN010000005",
        "chromosome": "1",
        "genomic_start": 52429,
        "genomic_end": 52465,
        "strand": "+",
        "motif_type": "regex",
        "motif_name": "_TGTTTCAGATGCCTGTCAGATCAATGACTTTGACCAC_28_36_TGTTTCAGATGCCTGTCAGATCAATGACTTTGACCAC",
        "motif_length": 37,
        "gapped_motif": "GTGGTCAAAGTCATTGATCTGACAGGCATCTGAAACA",
        "gapped_start": 72,
        "gapped_end": 108,
        "ungapped_start": 69,
        "ungapped_end": 105,
        "motif": "TGTTTCAGATGCCTGTCAGATCAATGACTTTGACCAC",
        "motif_strand": "-",
        "conservation": {
            "value": 89.58,
            "other_genomes": [
                {
                    "genome_id": "NZ_JADNCY010000012",
                    "chromosome": "1",
                    "genomic_start": 976,
                    "genomic_end": 1012,
                    "strand": "-",
                    "aligned_sequence_gapped": "GTGGTCAAAGTCATTGATCTGACAGGCATCTGAAACG",
                    "vector": "1111111111111111111111111111111111110",
                    "conservation": "97.30%",
                    "gapped_start": 72,
                    "gapped_end": 108
                },
                {
                    "genome_id": "NZ_JAASHE010000001",
                    "chromosome": "1",
                    "genomic_start": 2239,
                    "genomic_end": 2253,
                    "strand": "-",
                    "aligned_sequence_gapped": "GT-G----A--C---G-T-TG--A-G----TG---CG",
                    "vector": "1101000010010001010110010100001100010",
                    "conservation": "37.84%",
                    "gapped_start": 72,
                    "gapped_end": 108
                },
                {
                    "genome_id": "NZ_JAQKIX010000005",
                    "chromosome": "1",
                    "genomic_start": 52430,
                    "genomic_end": 52466,
                    "strand": "+",
                    "aligned_sequence_gapped": "GTGGTCAAAGTCATTGATCTGACAGGCATCTGAAACA",
                    "vector": "1111111111111111111111111111111111111",
                    "conservation": "100.00%",
                    "gapped_start": 72,
                    "gapped_end": 108
                },
                {
                    "genome_id": "NZ_JAQKIY010000012",
                    "chromosome": "1",
                    "genomic_start": 976,
                    "genomic_end": 1012,
                    "strand": "-",
                    "aligned_sequence_gapped": "GTGGTCAAAGTCATTGATCTGACAGGCATCTGAAACG",
                    "vector": "1111111111111111111111111111111111110",
                    "conservation": "97.30%",
                    "gapped_start": 72,
                    "gapped_end": 108
                },
                {
                    "genome_id": "NZ_JAQKJA010000013",
                    "chromosome": "1",
                    "genomic_start": 976,
                    "genomic_end": 1012,
                    "strand": "-",
                    "aligned_sequence_gapped": "GTGGTCAAAGTCATTGATCTGACAGGCATCTGAAACG",
                    "vector": "1111111111111111111111111111111111110",
                    "conservation": "97.30%",
                    "gapped_start": 72,
                    "gapped_end": 108
                },
                {
                    "genome_id": "NZ_JAQKIZ010000013",
                    "chromosome": "1",
                    "genomic_start": 976,
                    "genomic_end": 1012,
                    "strand": "-",
                    "aligned_sequence_gapped": "GTGGTCAAAGTCATTGATCTGACAGGCATCTGAAACG",
                    "vector": "1111111111111111111111111111111111110",
                    "conservation": "97.30%",
                    "gapped_start": 72,
                    "gapped_end": 108
                },
                {
                    "genome_id": "NZ_JBDMTX010000093",
                    "chromosome": "1",
                    "genomic_start": 5863,
                    "genomic_end": 5899,
                    "strand": "+",
                    "aligned_sequence_gapped": "GTGGTCAAAGTCATTGATCTGACAGGCATCTGAAACA",
                    "vector": "1111111111111111111111111111111111111",
                    "conservation": "100.00%",
                    "gapped_start": 72,
                    "gapped_end": 108
                }
            ]
        }
    },
    {
        "hit_id": "regex_NZ_JADMZN010000005__TGTTTCAGATGCCTGTCAGATCAATGACTTTGACCAC_28_36_TGTTTCAGATGCCTGTCAGATCAATGACTTTGACCAC_41",
        "reference_genome": "NZ_JADMZN010000005",
        "chromosome": "1",
        "genomic_start": 68652,
        "genomic_end": 68688,
        "strand": "-",
        "motif_type": "regex",
        "motif_name": "_TGTTTCAGATGCCTGTCAGATCAATGACTTTGACCAC_28_36_TGTTTCAGATGCCTGTCAGATCAATGACTTTGACCAC",
        "motif_length": 37,
        "gapped_motif": "TGTTTCAGATGCCTGTCAGATCAATGACTTTGACCAC",
        "gapped_start": 42,
        "gapped_end": 78,
        "ungapped_start": 42,
        "ungapped_end": 78,
        "motif": "TGTTTCAGATGCCTGTCAGATCAATGACTTTGACCAC",
        "motif_strand": "-",
        "conservation": {
            "value": 100.0,
            "other_genomes": [
                {
                    "genome_id": "NZ_JAQKIX010000005",
                    "chromosome": "1",
                    "genomic_start": 68652,
                    "genomic_end": 68688,
                    "strand": "-",
                    "aligned_sequence_gapped": "TGTTTCAGATGCCTGTCAGATCAATGACTTTGACCAC",
                    "vector": "1111111111111111111111111111111111111",
                    "conservation": "100.00%",
                    "gapped_start": 42,
                    "gapped_end": 78
                },
                {
                    "genome_id": "NZ_JBDMTX010000093",
                    "chromosome": "1",
                    "genomic_start": 477,
                    "genomic_end": 513,
                    "strand": "-",
                    "aligned_sequence_gapped": "TGTTTCAGATGCCTGTCAGATCAATGACTTTGACCAC",
                    "vector": "1111111111111111111111111111111111111",
                    "conservation": "100.00%",
                    "gapped_start": 42,
                    "gapped_end": 78
                }
            ]
        }
    },
    {
        "hit_id": "regex_NZ_JADMZN010000005__TGTTTCAGATGCCTGTCAGATCAATGACTTTGACCAC_28_36_TGTTTCAGATGCCTGTCAGATCAATGACTTTGACCAC_24",
        "reference_genome": "NZ_JADMZN010000005",
        "chromosome": "1",
        "genomic_start": 70039,
        "genomic_end": 70075,
        "strand": "-",
        "motif_type": "regex",
        "motif_name": "_TGTTTCAGATGCCTGTCAGATCAATGACTTTGACCAC_28_36_TGTTTCAGATGCCTGTCAGATCAATGACTTTGACCAC",
        "motif_length": 37,
        "gapped_motif": "TGTTTCAGATGCCTGTCAGATCAATGACTTTGACCAC",
        "gapped_start": 25,
        "gapped_end": 61,
        "ungapped_start": 25,
        "ungapped_end": 61,
        "motif": "TGTTTCAGATGCCTGTCAGATCAATGACTTTGACCAC",
        "motif_strand": "-",
        "conservation": {
            "value": 100.0,
            "other_genomes": [
                {
                    "genome_id": "NZ_JAQKIX010000005",
                    "chromosome": "1",
                    "genomic_start": 70039,
                    "genomic_end": 70075,
                    "strand": "-",
                    "aligned_sequence_gapped": "TGTTTCAGATGCCTGTCAGATCAATGACTTTGACCAC",
                    "vector": "1111111111111111111111111111111111111",
                    "conservation": "100.00%",
                    "gapped_start": 25,
                    "gapped_end": 61
                },
                {
                    "genome_id": "NZ_JBDMTX010000093",
                    "chromosome": "1",
                    "genomic_start": 1864,
                    "genomic_end": 1900,
                    "strand": "-",
                    "aligned_sequence_gapped": "TGTTTCAGATGCCTGTCAGATCAATGACTTTGACCAC",
                    "vector": "1111111111111111111111111111111111111",
                    "conservation": "100.00%",
                    "gapped_start": 25,
                    "gapped_end": 61
                }
            ]
        }
    },
    {
        "hit_id": "regex_NZ_JADMZN010000005__TGTTTCAGATGCCTGTCAGATCAATGACTTTGACCAC_28_36_TGTTTCAGATGCCTGTCAGATCAATGACTTTGACCAC_3",
        "reference_genome": "NZ_JADMZN010000005",
        "chromosome": "1",
        "genomic_start": 70897,
        "genomic_end": 70933,
        "strand": "-",
        "motif_type": "regex",
        "motif_name": "_TGTTTCAGATGCCTGTCAGATCAATGACTTTGACCAC_28_36_TGTTTCAGATGCCTGTCAGATCAATGACTTTGACCAC",
        "motif_length": 37,
        "gapped_motif": "TGTTTCAGATGCCTGTCAGATCAATGACTTTGACCAC",
        "gapped_start": 4,
        "gapped_end": 40,
        "ungapped_start": 4,
        "ungapped_end": 40,
        "motif": "TGTTTCAGATGCCTGTCAGATCAATGACTTTGACCAC",
        "motif_strand": "-",
        "conservation": {
            "value": 100.0,
            "other_genomes": [
                {
                    "genome_id": "NZ_JAQKIX010000005",
                    "chromosome": "1",
                    "genomic_start": 70897,
                    "genomic_end": 70933,
                    "strand": "-",
                    "aligned_sequence_gapped": "TGTTTCAGATGCCTGTCAGATCAATGACTTTGACCAC",
                    "vector": "1111111111111111111111111111111111111",
                    "conservation": "100.00%",
                    "gapped_start": 4,
                    "gapped_end": 40
                },
                {
                    "genome_id": "NZ_JBDMTX010000093",
                    "chromosome": "1",
                    "genomic_start": 2722,
                    "genomic_end": 2758,
                    "strand": "-",
                    "aligned_sequence_gapped": "TGTTTCAGATGCCTGTCAGATCAATGACTTTGACCAC",
                    "vector": "1111111111111111111111111111111111111",
                    "conservation": "100.00%",
                    "gapped_start": 4,
                    "gapped_end": 40
                },
                {
                    "genome_id": "NZ_AMPM01000307",
                    "chromosome": "1",
                    "genomic_start": 54,
                    "genomic_end": 90,
                    "strand": "-",
                    "aligned_sequence_gapped": "TGTTTCAGATGCCTGTCAGATCAATGACTTTGACCAC",
                    "vector": "1111111111111111111111111111111111111",
                    "conservation": "100.00%",
                    "gapped_start": 4,
                    "gapped_end": 40
                }
            ]
        }
    }
]