[
    {
        "hit_id": "regex_NZ_JSEB01000005__TGTTTCAGATGCCTGTCAGATCAATGACTTTGACCAC_28_36_TGTTTCAGATGCCTGTCAGATCAATGACTTTGACCAC_rc_43",
        "reference_genome": "NZ_JSEB01000005",
        "chromosome": "1",
        "genomic_start": 100218,
        "genomic_end": 100254,
        "strand": "+",
        "motif_type": "regex",
        "motif_name": "_TGTTTCAGATGCCTGTCAGATCAATGACTTTGACCAC_28_36_TGTTTCAGATGCCTGTCAGATCAATGACTTTGACCAC",
        "motif_length": 37,
        "gapped_motif": "GTGGTCAAAGTCATTGATCTGACAGGCATCTGAAACA",
        "gapped_start": 44,
        "gapped_end": 80,
        "ungapped_start": 44,
        "ungapped_end": 80,
        "motif": "TGTTTCAGATGCCTGTCAGATCAATGACTTTGACCAC",
        "motif_strand": "-",
        "conservation": {
            "value": 27.03,
            "other_genomes": [
                {
                    "genome_id": "NZ_JAASHE010000001",
                    "chromosome": "1",
                    "genomic_start": 4290,
                    "genomic_end": 4299,
                    "strand": "-",
                    "aligned_sequence_gapped": "-----C---G----T-AT-T-------AT-T-----A",
                    "vector": "0000010001000010110100000001101000001",
                    "conservation": "27.03%",
                    "gapped_start": 44,
                    "gapped_end": 80
                }
            ]
        }
    },
    {
        "hit_id": "regex_NZ_JSEB01000005__TGTTTCAGATGCCTGTCAGATCAATGACTTTGACCAC_28_36_TGTTTCAGATGCCTGTCAGATCAATGACTTTGACCAC_42",
        "reference_genome": "NZ_JSEB01000005",
        "chromosome": "1",
        "genomic_start": 825985,
        "genomic_end": 826021,
        "strand": "-",
        "motif_type": "regex",
        "motif_name": "_TGTTTCAGATGCCTGTCAGATCAATGACTTTGACCAC_28_36_TGTTTCAGATGCCTGTCAGATCAATGACTTTGACCAC",
        "motif_length": 37,
        "gapped_motif": "TGTTTCAGATGCCTGTCAGATCAATGACTTTGACCAC",
        "gapped_start": 43,
        "gapped_end": 79,
        "ungapped_start": 43,
        "ungapped_end": 79,
        "motif": "TGTTTCAGATGCCTGTCAGATCAATGACTTTGACCAC",
        "motif_strand": "-",
        "conservation": {
            "value": 97.3,
            "other_genomes": [
                {
                    "genome_id": "NZ_JSDW01000005",
                    "chromosome": "1",
                    "genomic_start": 14195,
                    "genomic_end": 14230,
                    "strand": "-",
                    "aligned_sequence_gapped": "-GTTTCAGATGCCTGTCAGATCAATGACTTTGACCAC",
                    "vector": "0111111111111111111111111111111111111",
                    "conservation": "97.30%",
                    "gapped_start": 43,
                    "gapped_end": 79
                }
            ]
        }
    }
]