[
    {
        "hit_id": "regex_NZ_JBDOUC010000001__TGTTTCAGATGCCTGTCAGATCAATGACTTTGACCAC_28_36_TGTTTCAGATGCCTGTCAGATCAATGACTTTGACCAC_rc_19",
        "reference_genome": "NZ_JBDOUC010000001",
        "chromosome": "1",
        "genomic_start": 2737,
        "genomic_end": 2773,
        "strand": "-",
        "motif_type": "regex",
        "motif_name": "_TGTTTCAGATGCCTGTCAGATCAATGACTTTGACCAC_28_36_TGTTTCAGATGCCTGTCAGATCAATGACTTTGACCAC",
        "motif_length": 37,
        "gapped_motif": "GTGGTCAAAGTCATTGATCTGACAGGCATCTGAAACA",
        "gapped_start": 20,
        "gapped_end": 56,
        "ungapped_start": 20,
        "ungapped_end": 56,
        "motif": "TGTTTCAGATGCCTGTCAGATCAATGACTTTGACCAC",
        "motif_strand": "+",
        "conservation": {
            "value": 99.75,
            "other_genomes": [
                {
                    "genome_id": "NZ_JBDOUG010000003",
                    "chromosome": "1",
                    "genomic_start": 2495,
                    "genomic_end": 2531,
                    "strand": "+",
                    "aligned_sequence_gapped": "GTGGTCAAAGTCATTGATCTGACAGGCATCTGAAACA",
                    "vector": "1111111111111111111111111111111111111",
                    "conservation": "100.00%",
                    "gapped_start": 20,
                    "gapped_end": 56
                },
                {
                    "genome_id": "NZ_JBDOUF010000005",
                    "chromosome": "1",
                    "genomic_start": 2495,
                    "genomic_end": 2531,
                    "strand": "+",
                    "aligned_sequence_gapped": "GTGGTCAAAGTCATTGATCTGACAGGCATCTGAAACA",
                    "vector": "1111111111111111111111111111111111111",
                    "conservation": "100.00%",
                    "gapped_start": 20,
                    "gapped_end": 56
                },
                {
                    "genome_id": "NZ_JBDOUH010000004",
                    "chromosome": "1",
                    "genomic_start": 2737,
                    "genomic_end": 2773,
                    "strand": "+",
                    "aligned_sequence_gapped": "GTGGTCAAAGTCATTGATCTGACAGGCATCTGAAACA",
                    "vector": "1111111111111111111111111111111111111",
                    "conservation": "100.00%",
                    "gapped_start": 20,
                    "gapped_end": 56
                },
                {
                    "genome_id": "NZ_JBDOUD010000008",
                    "chromosome": "1",
                    "genomic_start": 2495,
                    "genomic_end": 2531,
                    "strand": "+",
                    "aligned_sequence_gapped": "GTGGTCAAAGTCATTGATCTGACAGGCATCTGAAACA",
                    "vector": "1111111111111111111111111111111111111",
                    "conservation": "100.00%",
                    "gapped_start": 20,
                    "gapped_end": 56
                },
                {
                    "genome_id": "NZ_JBDOUE010000003",
                    "chromosome": "1",
                    "genomic_start": 2737,
                    "genomic_end": 2773,
                    "strand": "+",
                    "aligned_sequence_gapped": "GTGGTCAAAGTCATTGATCTGACAGGCATCTGAAACA",
                    "vector": "1111111111111111111111111111111111111",
                    "conservation": "100.00%",
                    "gapped_start": 20,
                    "gapped_end": 56
                },
                {
                    "genome_id": "NZ_JBDOUB010000001",
                    "chromosome": "1",
                    "genomic_start": 2737,
                    "genomic_end": 2773,
                    "strand": "-",
                    "aligned_sequence_gapped": "GTGGTCAAAGTCATTGATCTGACAGGCATCTGAAACA",
                    "vector": "1111111111111111111111111111111111111",
                    "conservation": "100.00%",
                    "gapped_start": 20,
                    "gapped_end": 56
                },
                {
                    "genome_id": "NZ_JAQKID010000007",
                    "chromosome": "1",
                    "genomic_start": 2737,
                    "genomic_end": 2773,
                    "strand": "+",
                    "aligned_sequence_gapped": "GTGGTCAAAGTCATTGATCTGACAGGCATCTGAAACA",
                    "vector": "1111111111111111111111111111111111111",
                    "conservation": "100.00%",
                    "gapped_start": 20,
                    "gapped_end": 56
                },
                {
                    "genome_id": "NZ_JAQKIC010000002",
                    "chromosome": "1",
                    "genomic_start": 2446,
                    "genomic_end": 2482,
                    "strand": "+",
                    "aligned_sequence_gapped": "GTGGTCAAAGTCATTGATCTGACAGGCATCTGAAACA",
                    "vector": "1111111111111111111111111111111111111",
                    "conservation": "100.00%",
                    "gapped_start": 20,
                    "gapped_end": 56
                },
                {
                    "genome_id": "NZ_JAQKIB010000003",
                    "chromosome": "1",
                    "genomic_start": 2495,
                    "genomic_end": 2531,
                    "strand": "+",
                    "aligned_sequence_gapped": "GTGGTCAAAGTCATTGATCTGACAGGCATCTGAAACA",
                    "vector": "1111111111111111111111111111111111111",
                    "conservation": "100.00%",
                    "gapped_start": 20,
                    "gapped_end": 56
                },
                {
                    "genome_id": "NZ_JADMYV010000001",
                    "chromosome": "1",
                    "genomic_start": 2473,
                    "genomic_end": 2509,
                    "strand": "+",
                    "aligned_sequence_gapped": "GTGGTCAAAGTCATTGATCTGACAGGCATCTGAAACA",
                    "vector": "1111111111111111111111111111111111111",
                    "conservation": "100.00%",
                    "gapped_start": 20,
                    "gapped_end": 56
                },
                {
                    "genome_id": "NZ_WDOT01000053",
                    "chromosome": "1",
                    "genomic_start": 15,
                    "genomic_end": 50,
                    "strand": "-",
                    "aligned_sequence_gapped": "GTGGTCAAAGTCATTGATCTGACAGGCATCTGAAAC-",
                    "vector": "1111111111111111111111111111111111110",
                    "conservation": "97.30%",
                    "gapped_start": 20,
                    "gapped_end": 56
                }
            ]
        }
    }
]