[
    {
        "hit_id": "regex_NZ_JBCJCK010000014__TGTTTCAGATGCCTGTCAGATCAATGACTTTGACCAC_28_36_TGTTTCAGATGCCTGTCAGATCAATGACTTTGACCAC_rc_108",
        "reference_genome": "NZ_JBCJCK010000014",
        "chromosome": "1",
        "genomic_start": 15641,
        "genomic_end": 15677,
        "strand": "+",
        "motif_type": "regex",
        "motif_name": "_TGTTTCAGATGCCTGTCAGATCAATGACTTTGACCAC_28_36_TGTTTCAGATGCCTGTCAGATCAATGACTTTGACCAC",
        "motif_length": 37,
        "gapped_motif": "GTGGTCAAAGTCATTGATCTGACAGGCATCTGAAACA",
        "gapped_start": 109,
        "gapped_end": 145,
        "ungapped_start": 109,
        "ungapped_end": 145,
        "motif": "TGTTTCAGATGCCTGTCAGATCAATGACTTTGACCAC",
        "motif_strand": "-",
        "conservation": {
            "value": 100.0,
            "other_genomes": [
                {
                    "genome_id": "NZ_JBCJCL010000001",
                    "chromosome": "1",
                    "genomic_start": 100116,
                    "genomic_end": 100152,
                    "strand": "+",
                    "aligned_sequence_gapped": "GTGGTCAAAGTCATTGATCTGACAGGCATCTGAAACA",
                    "vector": "1111111111111111111111111111111111111",
                    "conservation": "100.00%",
                    "gapped_start": 109,
                    "gapped_end": 145
                }
            ]
        }
    }
]