[
    {
        "hit_id": "regex_NZ_JAQKJD010000013__TGTTTCAGATGCCTGTCAGATCAATGACTTTGACCAC_28_36_TGTTTCAGATGCCTGTCAGATCAATGACTTTGACCAC_rc_43",
        "reference_genome": "NZ_JAQKJD010000013",
        "chromosome": "1",
        "genomic_start": 1646,
        "genomic_end": 1682,
        "strand": "-",
        "motif_type": "regex",
        "motif_name": "_TGTTTCAGATGCCTGTCAGATCAATGACTTTGACCAC_28_36_TGTTTCAGATGCCTGTCAGATCAATGACTTTGACCAC",
        "motif_length": 37,
        "gapped_motif": "GTGGTCAAAGTCATTGATCTGACAG-GCATCTG-AA--------A---CA",
        "gapped_start": 73,
        "gapped_end": 122,
        "ungapped_start": 44,
        "ungapped_end": 80,
        "motif": "TGTTTCAGATGCCTGTCAGATCAATGACTTTGACCAC",
        "motif_strand": "+",
        "conservation": {
            "value": 74.77,
            "other_genomes": [
                {
                    "genome_id": "NZ_JBDMTZ010000018",
                    "chromosome": "1",
                    "genomic_start": 1643,
                    "genomic_end": 1679,
                    "strand": "+",
                    "aligned_sequence_gapped": "GTGGTCAAAGTCATTGATCTGACAG-GCATCTG-AA--------A---CA",
                    "vector": "1111111111111111111111111111111111111",
                    "conservation": "100.00%",
                    "gapped_start": 73,
                    "gapped_end": 122
                },
                {
                    "genome_id": "NZ_JBDMTY010000017",
                    "chromosome": "1",
                    "genomic_start": 2900,
                    "genomic_end": 2936,
                    "strand": "-",
                    "aligned_sequence_gapped": "GTGGTCAAAGTCATTGATCTGACAG-GCATCTG-AA--------A---CC",
                    "vector": "1111111111111111111111111111111111110",
                    "conservation": "97.30%",
                    "gapped_start": 73,
                    "gapped_end": 122
                },
                {
                    "genome_id": "NZ_JBDMTY010000017",
                    "chromosome": "1",
                    "genomic_start": 1644,
                    "genomic_end": 1680,
                    "strand": "-",
                    "aligned_sequence_gapped": "GTGGTCAAAGTCATTGATCTGACAG-GCATCTG-AA--------A---CA",
                    "vector": "1111111111111111111111111111111111111",
                    "conservation": "100.00%",
                    "gapped_start": 73,
                    "gapped_end": 122
                },
                {
                    "genome_id": "NZ_JBDMTZ010000018",
                    "chromosome": "1",
                    "genomic_start": 2899,
                    "genomic_end": 2935,
                    "strand": "+",
                    "aligned_sequence_gapped": "GTGGTCAAAGTCATTGATCTGACAG-GCATCTG-AA--------A---CC",
                    "vector": "1111111111111111111111111111111111110",
                    "conservation": "97.30%",
                    "gapped_start": 73,
                    "gapped_end": 122
                },
                {
                    "genome_id": "NZ_JBDMTZ010000018",
                    "chromosome": "1",
                    "genomic_start": 3361,
                    "genomic_end": 3405,
                    "strand": "+",
                    "aligned_sequence_gapped": "GTGGTCAAAGTCATTGATCTGACAG-GCATCTGAAAC---CGT-ATCCCC",
                    "vector": "1111111111111111111111111111111101100",
                    "conservation": "91.89%",
                    "gapped_start": 73,
                    "gapped_end": 122
                },
                {
                    "genome_id": "NZ_JBDOUJ010000014",
                    "chromosome": "1",
                    "genomic_start": 3362,
                    "genomic_end": 3406,
                    "strand": "-",
                    "aligned_sequence_gapped": "GTGGTCAAAGTCATTGATCTGACAG-GCATCTGAAAC---CGT-ATCCCC",
                    "vector": "1111111111111111111111111111111101100",
                    "conservation": "91.89%",
                    "gapped_start": 73,
                    "gapped_end": 122
                },
                {
                    "genome_id": "NZ_JBDOUJ010000014",
                    "chromosome": "1",
                    "genomic_start": 2900,
                    "genomic_end": 2936,
                    "strand": "-",
                    "aligned_sequence_gapped": "GTGGTCAAAGTCATTGATCTGACAG-GCATCTG-AA--------A---CC",
                    "vector": "1111111111111111111111111111111111110",
                    "conservation": "97.30%",
                    "gapped_start": 73,
                    "gapped_end": 122
                },
                {
                    "genome_id": "NZ_JBDOUJ010000014",
                    "chromosome": "1",
                    "genomic_start": 1644,
                    "genomic_end": 1680,
                    "strand": "-",
                    "aligned_sequence_gapped": "GTGGTCAAAGTCATTGATCTGACAG-GCATCTG-AA--------A---CA",
                    "vector": "1111111111111111111111111111111111111",
                    "conservation": "100.00%",
                    "gapped_start": 73,
                    "gapped_end": 122
                },
                {
                    "genome_id": "NZ_JBCOFS010000002",
                    "chromosome": "1",
                    "genomic_start": 101632,
                    "genomic_end": 101676,
                    "strand": "-",
                    "aligned_sequence_gapped": "GTGGTCAAAGTCATTGATCTGACAG-GCATCTGAAAC---CGT-ATCCCC",
                    "vector": "1111111111111111111111111111111101100",
                    "conservation": "91.89%",
                    "gapped_start": 73,
                    "gapped_end": 122
                },
                {
                    "genome_id": "NZ_JBCOFS010000002",
                    "chromosome": "1",
                    "genomic_start": 101236,
                    "genomic_end": 101272,
                    "strand": "-",
                    "aligned_sequence_gapped": "GTGGTCAAAGTCATTGATCTGACAG-GCATCTG-AA--------A---CC",
                    "vector": "1111111111111111111111111111111111110",
                    "conservation": "97.30%",
                    "gapped_start": 73,
                    "gapped_end": 122
                },
                {
                    "genome_id": "NZ_JBCOFT010000001",
                    "chromosome": "1",
                    "genomic_start": 101652,
                    "genomic_end": 101696,
                    "strand": "-",
                    "aligned_sequence_gapped": "GTGGTCAAAGTCATTGATCTGACAG-GCATCTGAAAC---CGT-ATCCCC",
                    "vector": "1111111111111111111111111111111101100",
                    "conservation": "91.89%",
                    "gapped_start": 73,
                    "gapped_end": 122
                },
                {
                    "genome_id": "NZ_JBCOFT010000001",
                    "chromosome": "1",
                    "genomic_start": 101256,
                    "genomic_end": 101292,
                    "strand": "-",
                    "aligned_sequence_gapped": "GTGGTCAAAGTCATTGATCTGACAG-GCATCTG-AA--------A---CC",
                    "vector": "1111111111111111111111111111111111110",
                    "conservation": "97.30%",
                    "gapped_start": 73,
                    "gapped_end": 122
                },
                {
                    "genome_id": "NZ_JSDX01000021",
                    "chromosome": "1",
                    "genomic_start": 42,
                    "genomic_end": 78,
                    "strand": "-",
                    "aligned_sequence_gapped": "GTGGTCAAAGTCATTGATCTGACAG-GCATCTG-AA--------A---CT",
                    "vector": "1111111111111111111111111111111111110",
                    "conservation": "97.30%",
                    "gapped_start": 73,
                    "gapped_end": 122
                },
                {
                    "genome_id": "NZ_JSEB01000005",
                    "chromosome": "1",
                    "genomic_start": 100446,
                    "genomic_end": 100460,
                    "strand": "+",
                    "aligned_sequence_gapped": "-T-G--AAA--C--T--T-T----G-G----T---A--------A----T",
                    "vector": "0101001110010010010100001100001001100",
                    "conservation": "37.84%",
                    "gapped_start": 73,
                    "gapped_end": 122
                },
                {
                    "genome_id": "NZ_JSDW01000005",
                    "chromosome": "1",
                    "genomic_start": 120288,
                    "genomic_end": 120332,
                    "strand": "+",
                    "aligned_sequence_gapped": "GTGGTCAAAGTCATTGATCTGACAG-GCATCTGAAACTATCGTGA----G",
                    "vector": "1111111111111111111111111111111101100",
                    "conservation": "91.89%",
                    "gapped_start": 73,
                    "gapped_end": 122
                },
                {
                    "genome_id": "NZ_WDOM01000014",
                    "chromosome": "1",
                    "genomic_start": 73,
                    "genomic_end": 103,
                    "strand": "-",
                    "aligned_sequence_gapped": "-T-G--AAA--C--T--AC-GCAAGAGCAT-T---AC-AACGCGA---AT",
                    "vector": "0101001110010010001010011011110100100",
                    "conservation": "45.95%",
                    "gapped_start": 73,
                    "gapped_end": 122
                },
                {
                    "genome_id": "NZ_WDOX01000016",
                    "chromosome": "1",
                    "genomic_start": 2146,
                    "genomic_end": 2176,
                    "strand": "+",
                    "aligned_sequence_gapped": "-T-G--AAA--C--T--AC-GCAAGAGCAT-T---AC-AACGCGA---AT",
                    "vector": "0101001110010010001010011011110100100",
                    "conservation": "45.95%",
                    "gapped_start": 73,
                    "gapped_end": 122
                },
                {
                    "genome_id": "NZ_WDOY01000014",
                    "chromosome": "1",
                    "genomic_start": 1882,
                    "genomic_end": 1912,
                    "strand": "-",
                    "aligned_sequence_gapped": "-T-G--AAA--C--T--AC-GCAAGAGCAT-T---AC-AACGCGA---AT",
                    "vector": "0101001110010010001010011011110100100",
                    "conservation": "45.95%",
                    "gapped_start": 73,
                    "gapped_end": 122
                },
                {
                    "genome_id": "NZ_WDOW01000016",
                    "chromosome": "1",
                    "genomic_start": 2564,
                    "genomic_end": 2594,
                    "strand": "-",
                    "aligned_sequence_gapped": "-T-G--AAA--C--T--AC-GCAAGAGCAT-T---AC-AACGCGA---AT",
                    "vector": "0101001110010010001010011011110100100",
                    "conservation": "45.95%",
                    "gapped_start": 73,
                    "gapped_end": 122
                },
                {
                    "genome_id": "NZ_WDOZ01000014",
                    "chromosome": "1",
                    "genomic_start": 2146,
                    "genomic_end": 2176,
                    "strand": "-",
                    "aligned_sequence_gapped": "-T-G--AAA--C--T--AC-GCAAGAGCAT-T---AC-AACGCGA---AT",
                    "vector": "0101001110010010001010011011110100100",
                    "conservation": "45.95%",
                    "gapped_start": 73,
                    "gapped_end": 122
                },
                {
                    "genome_id": "NZ_WDOQ01000013",
                    "chromosome": "1",
                    "genomic_start": 2146,
                    "genomic_end": 2176,
                    "strand": "-",
                    "aligned_sequence_gapped": "-T-G--AAA--C--T--AC-GCAAGAGCAT-T---AC-AACGCGA---AT",
                    "vector": "0101001110010010001010011011110100100",
                    "conservation": "45.95%",
                    "gapped_start": 73,
                    "gapped_end": 122
                },
                {
                    "genome_id": "NZ_WDOV01000014",
                    "chromosome": "1",
                    "genomic_start": 1750,
                    "genomic_end": 1780,
                    "strand": "+",
                    "aligned_sequence_gapped": "-T-G--AAA--C--T--AC-GCAAGAGCAT-T---AC-AACGCGA---AT",
                    "vector": "0101001110010010001010011011110100100",
                    "conservation": "45.95%",
                    "gapped_start": 73,
                    "gapped_end": 122
                },
                {
                    "genome_id": "NZ_WDOO01000014",
                    "chromosome": "1",
                    "genomic_start": 2146,
                    "genomic_end": 2176,
                    "strand": "-",
                    "aligned_sequence_gapped": "-T-G--AAA--C--T--AC-GCAAGAGCAT-T---AC-AACGCGA---AT",
                    "vector": "0101001110010010001010011011110100100",
                    "conservation": "45.95%",
                    "gapped_start": 73,
                    "gapped_end": 122
                },
                {
                    "genome_id": "NZ_WDOP01000027",
                    "chromosome": "1",
                    "genomic_start": 363,
                    "genomic_end": 393,
                    "strand": "-",
                    "aligned_sequence_gapped": "-T-G--AAA--C--T--AC-GCAAGAGCAT-T---AC-AACGCGA---AT",
                    "vector": "0101001110010010001010011011110100100",
                    "conservation": "45.95%",
                    "gapped_start": 73,
                    "gapped_end": 122
                }
            ]
        }
    }
]