[
    {
        "hit_id": "regex_NZ_JAASHE010000001__TGTTTCAGATGCCTGTCAGATCAATGACTTTGACCAC_28_36_TGTTTCAGATGCCTGTCAGATCAATGACTTTGACCAC_rc_70",
        "reference_genome": "NZ_JAASHE010000001",
        "chromosome": "1",
        "genomic_start": 4639,
        "genomic_end": 4675,
        "strand": "-",
        "motif_type": "regex",
        "motif_name": "_TGTTTCAGATGCCTGTCAGATCAATGACTTTGACCAC_28_36_TGTTTCAGATGCCTGTCAGATCAATGACTTTGACCAC",
        "motif_length": 37,
        "gapped_motif": "GTGGTCAAAGTCATTGATCTGACAGGCATCTGAAACA",
        "gapped_start": 74,
        "gapped_end": 110,
        "ungapped_start": 71,
        "ungapped_end": 107,
        "motif": "TGTTTCAGATGCCTGTCAGATCAATGACTTTGACCAC",
        "motif_strand": "+",
        "conservation": {
            "value": 0.0,
            "other_genomes": []
        }
    },
    {
        "hit_id": "regex_NZ_JAASHE010000001__TGTTTCAGATGCCTGTCAGATCAATGACTTTGACCAC_28_36_TGTTTCAGATGCCTGTCAGATCAATGACTTTGACCAC_rc_42",
        "reference_genome": "NZ_JAASHE010000001",
        "chromosome": "1",
        "genomic_start": 1271,
        "genomic_end": 1307,
        "strand": "-",
        "motif_type": "regex",
        "motif_name": "_TGTTTCAGATGCCTGTCAGATCAATGACTTTGACCAC_28_36_TGTTTCAGATGCCTGTCAGATCAATGACTTTGACCAC",
        "motif_length": 37,
        "gapped_motif": "GTGGTCAAAGTCATTGATCTGACAGGCATCTGAAACA",
        "gapped_start": 93,
        "gapped_end": 129,
        "ungapped_start": 43,
        "ungapped_end": 79,
        "motif": "TGTTTCAGATGCCTGTCAGATCAATGACTTTGACCAC",
        "motif_strand": "+",
        "conservation": {
            "value": 97.3,
            "other_genomes": [
                {
                    "genome_id": "NZ_JBDMTY010000017",
                    "chromosome": "1",
                    "genomic_start": 3296,
                    "genomic_end": 3331,
                    "strand": "-",
                    "aligned_sequence_gapped": "GTGGTCAAAGTCATTGATCTGACAGGCATCTGAAAC-",
                    "vector": "1111111111111111111111111111111111110",
                    "conservation": "97.30%",
                    "gapped_start": 93,
                    "gapped_end": 129
                }
            ]
        }
    }
]