[
    {
        "hit_id": "regex_NZ_LR698991__TGTTTCAGATGCCTGTCAGATCAATGACTTTGACCAC_28_36_TGTTTCAGATGCCTGTCAGATCAATGACTTTGACCAC_2",
        "reference_genome": "NZ_LR698991",
        "chromosome": "1",
        "genomic_start": 982,
        "genomic_end": 1018,
        "strand": "+",
        "motif_type": "regex",
        "motif_name": "_TGTTTCAGATGCCTGTCAGATCAATGACTTTGACCAC_28_36_TGTTTCAGATGCCTGTCAGATCAATGACTTTGACCAC",
        "motif_length": 37,
        "gapped_motif": "T--GTTTCAGATGCCTGTCAGATCAATGACTTTGACCAC",
        "gapped_start": 52,
        "gapped_end": 90,
        "ungapped_start": 3,
        "ungapped_end": 39,
        "motif": "TGTTTCAGATGCCTGTCAGATCAATGACTTTGACCAC",
        "motif_strand": "+",
        "conservation": {
            "value": 94.88,
            "other_genomes": [
                {
                    "genome_id": "NZ_JBDOUG010000009",
                    "chromosome": "1",
                    "genomic_start": 268,
                    "genomic_end": 306,
                    "strand": "+",
                    "aligned_sequence_gapped": "TAGGTTTCAGATGCCTGTCAGATCAATGACTTTGACCAC",
                    "vector": "1001111111111111111111111111111111111",
                    "conservation": "94.59%",
                    "gapped_start": 52,
                    "gapped_end": 90
                },
                {
                    "genome_id": "NZ_JBDOUF010000040",
                    "chromosome": "1",
                    "genomic_start": 268,
                    "genomic_end": 306,
                    "strand": "-",
                    "aligned_sequence_gapped": "TAGGTTTCAGATGCCTGTCAGATCAATGACTTTGACCAC",
                    "vector": "1001111111111111111111111111111111111",
                    "conservation": "94.59%",
                    "gapped_start": 52,
                    "gapped_end": 90
                },
                {
                    "genome_id": "NZ_JBDOUH010000005",
                    "chromosome": "1",
                    "genomic_start": 268,
                    "genomic_end": 306,
                    "strand": "+",
                    "aligned_sequence_gapped": "TAGGTTTCAGATGCCTGTCAGATCAATGACTTTGACCAC",
                    "vector": "1001111111111111111111111111111111111",
                    "conservation": "94.59%",
                    "gapped_start": 52,
                    "gapped_end": 90
                },
                {
                    "genome_id": "NZ_JBDOUD010000005",
                    "chromosome": "1",
                    "genomic_start": 268,
                    "genomic_end": 306,
                    "strand": "-",
                    "aligned_sequence_gapped": "TAGGTTTCAGATGCCTGTCAGATCAATGACTTTGACCAC",
                    "vector": "1001111111111111111111111111111111111",
                    "conservation": "94.59%",
                    "gapped_start": 52,
                    "gapped_end": 90
                },
                {
                    "genome_id": "NZ_JBDOUE010000024",
                    "chromosome": "1",
                    "genomic_start": 268,
                    "genomic_end": 306,
                    "strand": "-",
                    "aligned_sequence_gapped": "TAGGTTTCAGATGCCTGTCAGATCAATGACTTTGACCAC",
                    "vector": "1001111111111111111111111111111111111",
                    "conservation": "94.59%",
                    "gapped_start": 52,
                    "gapped_end": 90
                },
                {
                    "genome_id": "NZ_JBDOUC010000007",
                    "chromosome": "1",
                    "genomic_start": 268,
                    "genomic_end": 306,
                    "strand": "+",
                    "aligned_sequence_gapped": "TAGGTTTCAGATGCCTGTCAGATCAATGACTTTGACCAC",
                    "vector": "1001111111111111111111111111111111111",
                    "conservation": "94.59%",
                    "gapped_start": 52,
                    "gapped_end": 90
                },
                {
                    "genome_id": "NZ_JBDOUB010000007",
                    "chromosome": "1",
                    "genomic_start": 268,
                    "genomic_end": 306,
                    "strand": "-",
                    "aligned_sequence_gapped": "TAGGTTTCAGATGCCTGTCAGATCAATGACTTTGACCAC",
                    "vector": "1001111111111111111111111111111111111",
                    "conservation": "94.59%",
                    "gapped_start": 52,
                    "gapped_end": 90
                },
                {
                    "genome_id": "NZ_JAQKID010000006",
                    "chromosome": "1",
                    "genomic_start": 268,
                    "genomic_end": 306,
                    "strand": "-",
                    "aligned_sequence_gapped": "TAGGTTTCAGATGCCTGTCAGATCAATGACTTTGACCAC",
                    "vector": "1001111111111111111111111111111111111",
                    "conservation": "94.59%",
                    "gapped_start": 52,
                    "gapped_end": 90
                },
                {
                    "genome_id": "NZ_JAQKIC010000008",
                    "chromosome": "1",
                    "genomic_start": 268,
                    "genomic_end": 306,
                    "strand": "+",
                    "aligned_sequence_gapped": "TAGGTTTCAGATGCCTGTCAGATCAATGACTTTGACCAC",
                    "vector": "1001111111111111111111111111111111111",
                    "conservation": "94.59%",
                    "gapped_start": 52,
                    "gapped_end": 90
                },
                {
                    "genome_id": "NZ_JAQKIZ010000008",
                    "chromosome": "1",
                    "genomic_start": 268,
                    "genomic_end": 306,
                    "strand": "-",
                    "aligned_sequence_gapped": "TAGGTTTCAGATGCCTGTCAGATCAATGACTTTGACCAC",
                    "vector": "1001111111111111111111111111111111111",
                    "conservation": "94.59%",
                    "gapped_start": 52,
                    "gapped_end": 90
                },
                {
                    "genome_id": "NZ_JAQKJA010000008",
                    "chromosome": "1",
                    "genomic_start": 268,
                    "genomic_end": 306,
                    "strand": "-",
                    "aligned_sequence_gapped": "TAGGTTTCAGATGCCTGTCAGATCAATGACTTTGACCAC",
                    "vector": "1001111111111111111111111111111111111",
                    "conservation": "94.59%",
                    "gapped_start": 52,
                    "gapped_end": 90
                },
                {
                    "genome_id": "NZ_JAQKIY010000008",
                    "chromosome": "1",
                    "genomic_start": 268,
                    "genomic_end": 306,
                    "strand": "-",
                    "aligned_sequence_gapped": "TAGGTTTCAGATGCCTGTCAGATCAATGACTTTGACCAC",
                    "vector": "1001111111111111111111111111111111111",
                    "conservation": "94.59%",
                    "gapped_start": 52,
                    "gapped_end": 90
                },
                {
                    "genome_id": "NZ_JAQCPX010000011",
                    "chromosome": "1",
                    "genomic_start": 249,
                    "genomic_end": 287,
                    "strand": "-",
                    "aligned_sequence_gapped": "TAGGTTTCAGATGCCTGTCAGATCAATGACTTTGACCAC",
                    "vector": "1001111111111111111111111111111111111",
                    "conservation": "94.59%",
                    "gapped_start": 52,
                    "gapped_end": 90
                },
                {
                    "genome_id": "NZ_JAPWDZ010000008",
                    "chromosome": "1",
                    "genomic_start": 318,
                    "genomic_end": 356,
                    "strand": "+",
                    "aligned_sequence_gapped": "TAGGTTTCAGATGCCTGTCAGATCAATGACTTTGACCAC",
                    "vector": "1001111111111111111111111111111111111",
                    "conservation": "94.59%",
                    "gapped_start": 52,
                    "gapped_end": 90
                },
                {
                    "genome_id": "NZ_JAPWEA010000009",
                    "chromosome": "1",
                    "genomic_start": 318,
                    "genomic_end": 356,
                    "strand": "-",
                    "aligned_sequence_gapped": "TAGGTTTCAGATGCCTGTCAGATCAATGACTTTGACCAC",
                    "vector": "1001111111111111111111111111111111111",
                    "conservation": "94.59%",
                    "gapped_start": 52,
                    "gapped_end": 90
                },
                {
                    "genome_id": "NZ_JADNCY010000008",
                    "chromosome": "1",
                    "genomic_start": 268,
                    "genomic_end": 306,
                    "strand": "-",
                    "aligned_sequence_gapped": "TAGGTTTCAGATGCCTGTCAGATCAATGACTTTGACCAC",
                    "vector": "1001111111111111111111111111111111111",
                    "conservation": "94.59%",
                    "gapped_start": 52,
                    "gapped_end": 90
                },
                {
                    "genome_id": "NZ_JADMYV010000005",
                    "chromosome": "1",
                    "genomic_start": 246,
                    "genomic_end": 284,
                    "strand": "-",
                    "aligned_sequence_gapped": "TAGGTTTCAGATGCCTGTCAGATCAATGACTTTGACCAC",
                    "vector": "1001111111111111111111111111111111111",
                    "conservation": "94.59%",
                    "gapped_start": 52,
                    "gapped_end": 90
                },
                {
                    "genome_id": "NZ_CP022723",
                    "chromosome": "1",
                    "genomic_start": 982,
                    "genomic_end": 1018,
                    "strand": "+",
                    "aligned_sequence_gapped": "T--GTTTCAGATGCCTGTCAGATCAATGACTTTGACCAC",
                    "vector": "1111111111111111111111111111111111111",
                    "conservation": "100.00%",
                    "gapped_start": 52,
                    "gapped_end": 90
                },
                {
                    "genome_id": "NZ_JAQKIB010000005",
                    "chromosome": "1",
                    "genomic_start": 268,
                    "genomic_end": 306,
                    "strand": "-",
                    "aligned_sequence_gapped": "TAGGTTTCAGATGCCTGTCAGATCAATGACTTTGACCAC",
                    "vector": "1001111111111111111111111111111111111",
                    "conservation": "94.59%",
                    "gapped_start": 52,
                    "gapped_end": 90
                }
            ]
        }
    },
    {
        "hit_id": "regex_NZ_LR698991__TGTTTCAGATGCCTGTCAGATCAATGACTTTGACCAC_28_36_TGTTTCAGATGCCTGTCAGATCAATGACTTTGACCAC_rc_3",
        "reference_genome": "NZ_LR698991",
        "chromosome": "1",
        "genomic_start": 2249,
        "genomic_end": 2285,
        "strand": "-",
        "motif_type": "regex",
        "motif_name": "_TGTTTCAGATGCCTGTCAGATCAATGACTTTGACCAC_28_36_TGTTTCAGATGCCTGTCAGATCAATGACTTTGACCAC",
        "motif_length": 37,
        "gapped_motif": "GTGGTCAAAGTCATTGATCTGACAGGCATCTGAAACA",
        "gapped_start": 4,
        "gapped_end": 40,
        "ungapped_start": 4,
        "ungapped_end": 40,
        "motif": "TGTTTCAGATGCCTGTCAGATCAATGACTTTGACCAC",
        "motif_strand": "+",
        "conservation": {
            "value": 98.46,
            "other_genomes": [
                {
                    "genome_id": "NZ_JADNCY010000012",
                    "chromosome": "1",
                    "genomic_start": 2362,
                    "genomic_end": 2397,
                    "strand": "-",
                    "aligned_sequence_gapped": "GTGGTCAAAGTCATTGATCTGACAGGCATCTGAAAC-",
                    "vector": "1111111111111111111111111111111111110",
                    "conservation": "97.30%",
                    "gapped_start": 4,
                    "gapped_end": 40
                },
                {
                    "genome_id": "NZ_JAQKIZ010000013",
                    "chromosome": "1",
                    "genomic_start": 2362,
                    "genomic_end": 2397,
                    "strand": "-",
                    "aligned_sequence_gapped": "GTGGTCAAAGTCATTGATCTGACAGGCATCTGAAAC-",
                    "vector": "1111111111111111111111111111111111110",
                    "conservation": "97.30%",
                    "gapped_start": 4,
                    "gapped_end": 40
                },
                {
                    "genome_id": "NZ_JAQKJA010000013",
                    "chromosome": "1",
                    "genomic_start": 2362,
                    "genomic_end": 2397,
                    "strand": "-",
                    "aligned_sequence_gapped": "GTGGTCAAAGTCATTGATCTGACAGGCATCTGAAAC-",
                    "vector": "1111111111111111111111111111111111110",
                    "conservation": "97.30%",
                    "gapped_start": 4,
                    "gapped_end": 40
                },
                {
                    "genome_id": "NZ_JAPWDZ010000002",
                    "chromosome": "1",
                    "genomic_start": 894,
                    "genomic_end": 930,
                    "strand": "-",
                    "aligned_sequence_gapped": "GTGGTCAAAGTCATTGATCTGACAGGCATCTGAAACA",
                    "vector": "1111111111111111111111111111111111111",
                    "conservation": "100.00%",
                    "gapped_start": 4,
                    "gapped_end": 40
                },
                {
                    "genome_id": "NZ_JAPWEA010000005",
                    "chromosome": "1",
                    "genomic_start": 894,
                    "genomic_end": 930,
                    "strand": "-",
                    "aligned_sequence_gapped": "GTGGTCAAAGTCATTGATCTGACAGGCATCTGAAACA",
                    "vector": "1111111111111111111111111111111111111",
                    "conservation": "100.00%",
                    "gapped_start": 4,
                    "gapped_end": 40
                },
                {
                    "genome_id": "NZ_CP022723",
                    "chromosome": "1",
                    "genomic_start": 2249,
                    "genomic_end": 2285,
                    "strand": "-",
                    "aligned_sequence_gapped": "GTGGTCAAAGTCATTGATCTGACAGGCATCTGAAACA",
                    "vector": "1111111111111111111111111111111111111",
                    "conservation": "100.00%",
                    "gapped_start": 4,
                    "gapped_end": 40
                },
                {
                    "genome_id": "NZ_JAQKIY010000012",
                    "chromosome": "1",
                    "genomic_start": 2362,
                    "genomic_end": 2397,
                    "strand": "-",
                    "aligned_sequence_gapped": "GTGGTCAAAGTCATTGATCTGACAGGCATCTGAAAC-",
                    "vector": "1111111111111111111111111111111111110",
                    "conservation": "97.30%",
                    "gapped_start": 4,
                    "gapped_end": 40
                }
            ]
        }
    }
]