[
    {
        "hit_id": "regex_NZ_WDON01000014__TGTTTCAGATGCCTGTCAGATCAATGACTTTGACCAC_28_36_TGTTTCAGATGCCTGTCAGATCAATGACTTTGACCAC_rc_42",
        "reference_genome": "NZ_WDON01000014",
        "chromosome": "1",
        "genomic_start": 2516,
        "genomic_end": 2552,
        "strand": "-",
        "motif_type": "regex",
        "motif_name": "_TGTTTCAGATGCCTGTCAGATCAATGACTTTGACCAC_28_36_TGTTTCAGATGCCTGTCAGATCAATGACTTTGACCAC",
        "motif_length": 37,
        "gapped_motif": "GTGGTCAAAGTCATTGATCTGACAGGCATCTGAAACA",
        "gapped_start": 43,
        "gapped_end": 79,
        "ungapped_start": 43,
        "ungapped_end": 79,
        "motif": "TGTTTCAGATGCCTGTCAGATCAATGACTTTGACCAC",
        "motif_strand": "+",
        "conservation": {
            "value": 24.32,
            "other_genomes": [
                {
                    "genome_id": "NZ_WDOP01000027",
                    "chromosome": "1",
                    "genomic_start": 653,
                    "genomic_end": 661,
                    "strand": "-",
                    "aligned_sequence_gapped": "-----C---G-----G---T-AC--G-----G---C-",
                    "vector": "0000010001000001000101100100000100010",
                    "conservation": "24.32%",
                    "gapped_start": 43,
                    "gapped_end": 79
                },
                {
                    "genome_id": "NZ_WDOR01000095",
                    "chromosome": "1",
                    "genomic_start": 925,
                    "genomic_end": 933,
                    "strand": "+",
                    "aligned_sequence_gapped": "-----C---G-----G---T-AC--G-----G---C-",
                    "vector": "0000010001000001000101100100000100010",
                    "conservation": "24.32%",
                    "gapped_start": 43,
                    "gapped_end": 79
                },
                {
                    "genome_id": "NZ_WDOO01000014",
                    "chromosome": "1",
                    "genomic_start": 2436,
                    "genomic_end": 2444,
                    "strand": "-",
                    "aligned_sequence_gapped": "-----C---G-----G---T-AC--G-----G---C-",
                    "vector": "0000010001000001000101100100000100010",
                    "conservation": "24.32%",
                    "gapped_start": 43,
                    "gapped_end": 79
                },
                {
                    "genome_id": "NZ_WDOQ01000013",
                    "chromosome": "1",
                    "genomic_start": 2436,
                    "genomic_end": 2444,
                    "strand": "-",
                    "aligned_sequence_gapped": "-----C---G-----G---T-AC--G-----G---C-",
                    "vector": "0000010001000001000101100100000100010",
                    "conservation": "24.32%",
                    "gapped_start": 43,
                    "gapped_end": 79
                },
                {
                    "genome_id": "NZ_WDOW01000016",
                    "chromosome": "1",
                    "genomic_start": 2854,
                    "genomic_end": 2862,
                    "strand": "-",
                    "aligned_sequence_gapped": "-----C---G-----G---T-AC--G-----G---C-",
                    "vector": "0000010001000001000101100100000100010",
                    "conservation": "24.32%",
                    "gapped_start": 43,
                    "gapped_end": 79
                },
                {
                    "genome_id": "NZ_WDOZ01000014",
                    "chromosome": "1",
                    "genomic_start": 2436,
                    "genomic_end": 2444,
                    "strand": "-",
                    "aligned_sequence_gapped": "-----C---G-----G---T-AC--G-----G---C-",
                    "vector": "0000010001000001000101100100000100010",
                    "conservation": "24.32%",
                    "gapped_start": 43,
                    "gapped_end": 79
                },
                {
                    "genome_id": "NZ_WDOX01000016",
                    "chromosome": "1",
                    "genomic_start": 2436,
                    "genomic_end": 2444,
                    "strand": "+",
                    "aligned_sequence_gapped": "-----C---G-----G---T-AC--G-----G---C-",
                    "vector": "0000010001000001000101100100000100010",
                    "conservation": "24.32%",
                    "gapped_start": 43,
                    "gapped_end": 79
                },
                {
                    "genome_id": "NZ_WDOY01000014",
                    "chromosome": "1",
                    "genomic_start": 2172,
                    "genomic_end": 2180,
                    "strand": "-",
                    "aligned_sequence_gapped": "-----C---G-----G---T-AC--G-----G---C-",
                    "vector": "0000010001000001000101100100000100010",
                    "conservation": "24.32%",
                    "gapped_start": 43,
                    "gapped_end": 79
                }
            ]
        }
    }
]