[
    {
        "hit_id": "regex_NZ_WDOV01000014__TGTTTCAGATGCCTGTCAGATCAATGACTTTGACCAC_28_36_TGTTTCAGATGCCTGTCAGATCAATGACTTTGACCAC_2",
        "reference_genome": "NZ_WDOV01000014",
        "chromosome": "1",
        "genomic_start": 9167,
        "genomic_end": 9203,
        "strand": "-",
        "motif_type": "regex",
        "motif_name": "_TGTTTCAGATGCCTGTCAGATCAATGACTTTGACCAC_28_36_TGTTTCAGATGCCTGTCAGATCAATGACTTTGACCAC",
        "motif_length": 37,
        "gapped_motif": "TGTTTCAGATGCCTGTCAGATCAATGACTTTGACCAC",
        "gapped_start": 3,
        "gapped_end": 39,
        "ungapped_start": 3,
        "ungapped_end": 39,
        "motif": "TGTTTCAGATGCCTGTCAGATCAATGACTTTGACCAC",
        "motif_strand": "-",
        "conservation": {
            "value": 100.0,
            "other_genomes": [
                {
                    "genome_id": "NZ_WDOR01000016",
                    "chromosome": "1",
                    "genomic_start": 8637,
                    "genomic_end": 8673,
                    "strand": "-",
                    "aligned_sequence_gapped": "TGTTTCAGATGCCTGTCAGATCAATGACTTTGACCAC",
                    "vector": "1111111111111111111111111111111111111",
                    "conservation": "100.00%",
                    "gapped_start": 3,
                    "gapped_end": 39
                },
                {
                    "genome_id": "NZ_WDOX01000016",
                    "chromosome": "1",
                    "genomic_start": 9893,
                    "genomic_end": 9929,
                    "strand": "-",
                    "aligned_sequence_gapped": "TGTTTCAGATGCCTGTCAGATCAATGACTTTGACCAC",
                    "vector": "1111111111111111111111111111111111111",
                    "conservation": "100.00%",
                    "gapped_start": 3,
                    "gapped_end": 39
                },
                {
                    "genome_id": "NZ_WDOM01000022",
                    "chromosome": "1",
                    "genomic_start": 710,
                    "genomic_end": 746,
                    "strand": "-",
                    "aligned_sequence_gapped": "TGTTTCAGATGCCTGTCAGATCAATGACTTTGACCAC",
                    "vector": "1111111111111111111111111111111111111",
                    "conservation": "100.00%",
                    "gapped_start": 3,
                    "gapped_end": 39
                }
            ]
        }
    }
]