[
    {
        "hit_id": "regex_NZ_WDOX01000016__TGTTTCAGATGCCTGTCAGATCAATGACTTTGACCAC_28_36_TGTTTCAGATGCCTGTCAGATCAATGACTTTGACCAC_rc_83",
        "reference_genome": "NZ_WDOX01000016",
        "chromosome": "1",
        "genomic_start": 663,
        "genomic_end": 699,
        "strand": "+",
        "motif_type": "regex",
        "motif_name": "_TGTTTCAGATGCCTGTCAGATCAATGACTTTGACCAC_28_36_TGTTTCAGATGCCTGTCAGATCAATGACTTTGACCAC",
        "motif_length": 37,
        "gapped_motif": "GTGGTCAAAGTCATTGATCTGACAGGCATCTGAAACA",
        "gapped_start": 84,
        "gapped_end": 120,
        "ungapped_start": 84,
        "ungapped_end": 120,
        "motif": "TGTTTCAGATGCCTGTCAGATCAATGACTTTGACCAC",
        "motif_strand": "-",
        "conservation": {
            "value": 100.0,
            "other_genomes": [
                {
                    "genome_id": "NZ_CP174189",
                    "chromosome": "1",
                    "genomic_start": 225920,
                    "genomic_end": 225956,
                    "strand": "+",
                    "aligned_sequence_gapped": "GTGGTCAAAGTCATTGATCTGACAGGCATCTGAAACA",
                    "vector": "1111111111111111111111111111111111111",
                    "conservation": "100.00%",
                    "gapped_start": 84,
                    "gapped_end": 120
                },
                {
                    "genome_id": "NZ_JBBNGT010000004",
                    "chromosome": "1",
                    "genomic_start": 99966,
                    "genomic_end": 100002,
                    "strand": "-",
                    "aligned_sequence_gapped": "GTGGTCAAAGTCATTGATCTGACAGGCATCTGAAACA",
                    "vector": "1111111111111111111111111111111111111",
                    "conservation": "100.00%",
                    "gapped_start": 84,
                    "gapped_end": 120
                },
                {
                    "genome_id": "NZ_JBCJCL010000001",
                    "chromosome": "1",
                    "genomic_start": 99852,
                    "genomic_end": 99888,
                    "strand": "+",
                    "aligned_sequence_gapped": "GTGGTCAAAGTCATTGATCTGACAGGCATCTGAAACA",
                    "vector": "1111111111111111111111111111111111111",
                    "conservation": "100.00%",
                    "gapped_start": 84,
                    "gapped_end": 120
                },
                {
                    "genome_id": "NZ_JBCJCK010000014",
                    "chromosome": "1",
                    "genomic_start": 15377,
                    "genomic_end": 15413,
                    "strand": "+",
                    "aligned_sequence_gapped": "GTGGTCAAAGTCATTGATCTGACAGGCATCTGAAACA",
                    "vector": "1111111111111111111111111111111111111",
                    "conservation": "100.00%",
                    "gapped_start": 84,
                    "gapped_end": 120
                },
                {
                    "genome_id": "NZ_WDOR01000016",
                    "chromosome": "1",
                    "genomic_start": 3148,
                    "genomic_end": 3184,
                    "strand": "+",
                    "aligned_sequence_gapped": "GTGGTCAAAGTCATTGATCTGACAGGCATCTGAAACA",
                    "vector": "1111111111111111111111111111111111111",
                    "conservation": "100.00%",
                    "gapped_start": 84,
                    "gapped_end": 120
                },
                {
                    "genome_id": "NZ_WDOO01000014",
                    "chromosome": "1",
                    "genomic_start": 663,
                    "genomic_end": 699,
                    "strand": "-",
                    "aligned_sequence_gapped": "GTGGTCAAAGTCATTGATCTGACAGGCATCTGAAACA",
                    "vector": "1111111111111111111111111111111111111",
                    "conservation": "100.00%",
                    "gapped_start": 84,
                    "gapped_end": 120
                },
                {
                    "genome_id": "NZ_WDOQ01000013",
                    "chromosome": "1",
                    "genomic_start": 663,
                    "genomic_end": 699,
                    "strand": "-",
                    "aligned_sequence_gapped": "GTGGTCAAAGTCATTGATCTGACAGGCATCTGAAACA",
                    "vector": "1111111111111111111111111111111111111",
                    "conservation": "100.00%",
                    "gapped_start": 84,
                    "gapped_end": 120
                },
                {
                    "genome_id": "NZ_WDOZ01000014",
                    "chromosome": "1",
                    "genomic_start": 663,
                    "genomic_end": 699,
                    "strand": "-",
                    "aligned_sequence_gapped": "GTGGTCAAAGTCATTGATCTGACAGGCATCTGAAACA",
                    "vector": "1111111111111111111111111111111111111",
                    "conservation": "100.00%",
                    "gapped_start": 84,
                    "gapped_end": 120
                },
                {
                    "genome_id": "NZ_WDOV01000014",
                    "chromosome": "1",
                    "genomic_start": 663,
                    "genomic_end": 699,
                    "strand": "+",
                    "aligned_sequence_gapped": "GTGGTCAAAGTCATTGATCTGACAGGCATCTGAAACA",
                    "vector": "1111111111111111111111111111111111111",
                    "conservation": "100.00%",
                    "gapped_start": 84,
                    "gapped_end": 120
                },
                {
                    "genome_id": "NZ_WDOW01000016",
                    "chromosome": "1",
                    "genomic_start": 1081,
                    "genomic_end": 1117,
                    "strand": "-",
                    "aligned_sequence_gapped": "GTGGTCAAAGTCATTGATCTGACAGGCATCTGAAACA",
                    "vector": "1111111111111111111111111111111111111",
                    "conservation": "100.00%",
                    "gapped_start": 84,
                    "gapped_end": 120
                },
                {
                    "genome_id": "NZ_WDOY01000014",
                    "chromosome": "1",
                    "genomic_start": 663,
                    "genomic_end": 699,
                    "strand": "-",
                    "aligned_sequence_gapped": "GTGGTCAAAGTCATTGATCTGACAGGCATCTGAAACA",
                    "vector": "1111111111111111111111111111111111111",
                    "conservation": "100.00%",
                    "gapped_start": 84,
                    "gapped_end": 120
                },
                {
                    "genome_id": "NZ_WDON01000014",
                    "chromosome": "1",
                    "genomic_start": 663,
                    "genomic_end": 699,
                    "strand": "-",
                    "aligned_sequence_gapped": "GTGGTCAAAGTCATTGATCTGACAGGCATCTGAAACA",
                    "vector": "1111111111111111111111111111111111111",
                    "conservation": "100.00%",
                    "gapped_start": 84,
                    "gapped_end": 120
                },
                {
                    "genome_id": "NC_014616",
                    "chromosome": "1",
                    "genomic_start": 226200,
                    "genomic_end": 226236,
                    "strand": "+",
                    "aligned_sequence_gapped": "GTGGTCAAAGTCATTGATCTGACAGGCATCTGAAACA",
                    "vector": "1111111111111111111111111111111111111",
                    "conservation": "100.00%",
                    "gapped_start": 84,
                    "gapped_end": 120
                }
            ]
        }
    },
    {
        "hit_id": "regex_NZ_WDOX01000016__TGTTTCAGATGCCTGTCAGATCAATGACTTTGACCAC_28_36_TGTTTCAGATGCCTGTCAGATCAATGACTTTGACCAC_rc_41",
        "reference_genome": "NZ_WDOX01000016",
        "chromosome": "1",
        "genomic_start": 2315,
        "genomic_end": 2351,
        "strand": "+",
        "motif_type": "regex",
        "motif_name": "_TGTTTCAGATGCCTGTCAGATCAATGACTTTGACCAC_28_36_TGTTTCAGATGCCTGTCAGATCAATGACTTTGACCAC",
        "motif_length": 37,
        "gapped_motif": "GTGGTCAAAGTCATTGATCTGACAGGCATCTGAAACA",
        "gapped_start": 42,
        "gapped_end": 78,
        "ungapped_start": 42,
        "ungapped_end": 78,
        "motif": "TGTTTCAGATGCCTGTCAGATCAATGACTTTGACCAC",
        "motif_strand": "-",
        "conservation": {
            "value": 100.0,
            "other_genomes": [
                {
                    "genome_id": "NZ_WDOP01000027",
                    "chromosome": "1",
                    "genomic_start": 532,
                    "genomic_end": 568,
                    "strand": "-",
                    "aligned_sequence_gapped": "GTGGTCAAAGTCATTGATCTGACAGGCATCTGAAACA",
                    "vector": "1111111111111111111111111111111111111",
                    "conservation": "100.00%",
                    "gapped_start": 42,
                    "gapped_end": 78
                },
                {
                    "genome_id": "NZ_WDOO01000014",
                    "chromosome": "1",
                    "genomic_start": 2315,
                    "genomic_end": 2351,
                    "strand": "-",
                    "aligned_sequence_gapped": "GTGGTCAAAGTCATTGATCTGACAGGCATCTGAAACA",
                    "vector": "1111111111111111111111111111111111111",
                    "conservation": "100.00%",
                    "gapped_start": 42,
                    "gapped_end": 78
                },
                {
                    "genome_id": "NZ_WDOQ01000013",
                    "chromosome": "1",
                    "genomic_start": 2315,
                    "genomic_end": 2351,
                    "strand": "-",
                    "aligned_sequence_gapped": "GTGGTCAAAGTCATTGATCTGACAGGCATCTGAAACA",
                    "vector": "1111111111111111111111111111111111111",
                    "conservation": "100.00%",
                    "gapped_start": 42,
                    "gapped_end": 78
                },
                {
                    "genome_id": "NZ_WDOZ01000014",
                    "chromosome": "1",
                    "genomic_start": 2315,
                    "genomic_end": 2351,
                    "strand": "-",
                    "aligned_sequence_gapped": "GTGGTCAAAGTCATTGATCTGACAGGCATCTGAAACA",
                    "vector": "1111111111111111111111111111111111111",
                    "conservation": "100.00%",
                    "gapped_start": 42,
                    "gapped_end": 78
                },
                {
                    "genome_id": "NZ_WDOW01000016",
                    "chromosome": "1",
                    "genomic_start": 2733,
                    "genomic_end": 2769,
                    "strand": "-",
                    "aligned_sequence_gapped": "GTGGTCAAAGTCATTGATCTGACAGGCATCTGAAACA",
                    "vector": "1111111111111111111111111111111111111",
                    "conservation": "100.00%",
                    "gapped_start": 42,
                    "gapped_end": 78
                },
                {
                    "genome_id": "NZ_WDOY01000014",
                    "chromosome": "1",
                    "genomic_start": 2051,
                    "genomic_end": 2087,
                    "strand": "-",
                    "aligned_sequence_gapped": "GTGGTCAAAGTCATTGATCTGACAGGCATCTGAAACA",
                    "vector": "1111111111111111111111111111111111111",
                    "conservation": "100.00%",
                    "gapped_start": 42,
                    "gapped_end": 78
                },
                {
                    "genome_id": "NZ_WDON01000014",
                    "chromosome": "1",
                    "genomic_start": 2384,
                    "genomic_end": 2420,
                    "strand": "-",
                    "aligned_sequence_gapped": "GTGGTCAAAGTCATTGATCTGACAGGCATCTGAAACA",
                    "vector": "1111111111111111111111111111111111111",
                    "conservation": "100.00%",
                    "gapped_start": 42,
                    "gapped_end": 78
                }
            ]
        }
    }
]