[
    {
        "hit_id": "regex_NZ_JAQKIQ010000008__GCACTGCAAAT_C_G_T_C_CGCACCCC_28_36_GCACTGCAAAT_C_G_T_C_CGCACCCC_rc_477",
        "reference_genome": "NZ_JAQKIQ010000008",
        "chromosome": "1",
        "genomic_start": 2349,
        "genomic_end": 2369,
        "strand": "+",
        "motif_type": "regex",
        "motif_name": "_GCACTGCAAAT_C_G_T_C_CGCACCCC_28_36_GCACTGCAAAT_C_G_T_C_CGCACCCC",
        "motif_length": 21,
        "gapped_motif": "GGGGTGCGACATTTGCAGTGC",
        "gapped_start": 488,
        "gapped_end": 508,
        "ungapped_start": 478,
        "ungapped_end": 498,
        "motif": "GCACTGCAAATGTCGCACCCC",
        "motif_strand": "-",
        "conservation": {
            "value": 87.57,
            "other_genomes": [
                {
                    "genome_id": "NZ_JAQKIM010000003",
                    "chromosome": "1",
                    "genomic_start": 2349,
                    "genomic_end": 2369,
                    "strand": "-",
                    "aligned_sequence_gapped": "GGGGTGCGACATTTGCAGTGC",
                    "vector": "111111111111111111111",
                    "conservation": "100.00%",
                    "gapped_start": 488,
                    "gapped_end": 508
                },
                {
                    "genome_id": "NZ_JAQKIN010000002",
                    "chromosome": "1",
                    "genomic_start": 2349,
                    "genomic_end": 2369,
                    "strand": "-",
                    "aligned_sequence_gapped": "GGGGTGCGACATTTGCAGTGC",
                    "vector": "111111111111111111111",
                    "conservation": "100.00%",
                    "gapped_start": 488,
                    "gapped_end": 508
                },
                {
                    "genome_id": "NZ_JAQKIK010000015",
                    "chromosome": "1",
                    "genomic_start": 2349,
                    "genomic_end": 2369,
                    "strand": "-",
                    "aligned_sequence_gapped": "GGGGTGCGACATTTGCAGTGC",
                    "vector": "111111111111111111111",
                    "conservation": "100.00%",
                    "gapped_start": 488,
                    "gapped_end": 508
                },
                {
                    "genome_id": "NZ_JAQKIJ010000009",
                    "chromosome": "1",
                    "genomic_start": 2349,
                    "genomic_end": 2369,
                    "strand": "-",
                    "aligned_sequence_gapped": "GGGGTGCGACATTTGCAGTGC",
                    "vector": "111111111111111111111",
                    "conservation": "100.00%",
                    "gapped_start": 488,
                    "gapped_end": 508
                },
                {
                    "genome_id": "NZ_JAQKIL010000002",
                    "chromosome": "1",
                    "genomic_start": 2349,
                    "genomic_end": 2369,
                    "strand": "+",
                    "aligned_sequence_gapped": "GGGGTGCGACATTTGCAGTGC",
                    "vector": "111111111111111111111",
                    "conservation": "100.00%",
                    "gapped_start": 488,
                    "gapped_end": 508
                },
                {
                    "genome_id": "NZ_JAQKII010000002",
                    "chromosome": "1",
                    "genomic_start": 2349,
                    "genomic_end": 2369,
                    "strand": "-",
                    "aligned_sequence_gapped": "GGGGTGCGACATTTGCAGTGC",
                    "vector": "111111111111111111111",
                    "conservation": "100.00%",
                    "gapped_start": 488,
                    "gapped_end": 508
                },
                {
                    "genome_id": "NZ_JAQKIF010000004",
                    "chromosome": "1",
                    "genomic_start": 2415,
                    "genomic_end": 2435,
                    "strand": "+",
                    "aligned_sequence_gapped": "GGGGTGCGACATTTGCAGTGC",
                    "vector": "111111111111111111111",
                    "conservation": "100.00%",
                    "gapped_start": 488,
                    "gapped_end": 508
                },
                {
                    "genome_id": "NZ_JAQKIE010000001",
                    "chromosome": "1",
                    "genomic_start": 2415,
                    "genomic_end": 2435,
                    "strand": "-",
                    "aligned_sequence_gapped": "GGGGTGCGACATTTGCAGTGC",
                    "vector": "111111111111111111111",
                    "conservation": "100.00%",
                    "gapped_start": 488,
                    "gapped_end": 508
                },
                {
                    "genome_id": "NZ_JAQKIR010000008",
                    "chromosome": "1",
                    "genomic_start": 2349,
                    "genomic_end": 2369,
                    "strand": "-",
                    "aligned_sequence_gapped": "GGGGTGCGACATTTGCAGTGC",
                    "vector": "111111111111111111111",
                    "conservation": "100.00%",
                    "gapped_start": 488,
                    "gapped_end": 508
                },
                {
                    "genome_id": "NZ_JAQNBP010000008",
                    "chromosome": "1",
                    "genomic_start": 2357,
                    "genomic_end": 2377,
                    "strand": "-",
                    "aligned_sequence_gapped": "GGGGTGCGGCATTTGCAGTGC",
                    "vector": "111111110111111111111",
                    "conservation": "95.24%",
                    "gapped_start": 488,
                    "gapped_end": 508
                },
                {
                    "genome_id": "NZ_CP118071",
                    "chromosome": "1",
                    "genomic_start": 799835,
                    "genomic_end": 799855,
                    "strand": "-",
                    "aligned_sequence_gapped": "GGGGTGCGGCATTTGCAGTGC",
                    "vector": "111111110111111111111",
                    "conservation": "95.24%",
                    "gapped_start": 488,
                    "gapped_end": 508
                },
                {
                    "genome_id": "NZ_JAKEYX010000016",
                    "chromosome": "1",
                    "genomic_start": 2297,
                    "genomic_end": 2313,
                    "strand": "+",
                    "aligned_sequence_gapped": "----TGCGGCATTTGCAGTGC",
                    "vector": "000011110111111111111",
                    "conservation": "76.19%",
                    "gapped_start": 488,
                    "gapped_end": 508
                },
                {
                    "genome_id": "NZ_JAKEYY010000004",
                    "chromosome": "1",
                    "genomic_start": 2515,
                    "genomic_end": 2535,
                    "strand": "-",
                    "aligned_sequence_gapped": "GGGGTGCGGCATTTGCAGTGC",
                    "vector": "111111110111111111111",
                    "conservation": "95.24%",
                    "gapped_start": 488,
                    "gapped_end": 508
                },
                {
                    "genome_id": "NZ_JAKEYZ010000008",
                    "chromosome": "1",
                    "genomic_start": 2523,
                    "genomic_end": 2543,
                    "strand": "-",
                    "aligned_sequence_gapped": "GGGGTGCGGCATTTGCAGTGC",
                    "vector": "111111110111111111111",
                    "conservation": "95.24%",
                    "gapped_start": 488,
                    "gapped_end": 508
                },
                {
                    "genome_id": "NZ_JAKEZB010000006",
                    "chromosome": "1",
                    "genomic_start": 2523,
                    "genomic_end": 2543,
                    "strand": "+",
                    "aligned_sequence_gapped": "GGGGTGCGGCATTTGCAGTGC",
                    "vector": "111111110111111111111",
                    "conservation": "95.24%",
                    "gapped_start": 488,
                    "gapped_end": 508
                },
                {
                    "genome_id": "NZ_JAKEYV010000017",
                    "chromosome": "1",
                    "genomic_start": 2297,
                    "genomic_end": 2313,
                    "strand": "-",
                    "aligned_sequence_gapped": "----TGCGGCATTTGCAGTGC",
                    "vector": "000011110111111111111",
                    "conservation": "76.19%",
                    "gapped_start": 488,
                    "gapped_end": 508
                },
                {
                    "genome_id": "NZ_JAKEZC010000001",
                    "chromosome": "1",
                    "genomic_start": 42168,
                    "genomic_end": 42188,
                    "strand": "-",
                    "aligned_sequence_gapped": "GGGGTGCGGCATTTGCAGTGC",
                    "vector": "111111110111111111111",
                    "conservation": "95.24%",
                    "gapped_start": 488,
                    "gapped_end": 508
                },
                {
                    "genome_id": "NZ_JAKEZD010000004",
                    "chromosome": "1",
                    "genomic_start": 2370,
                    "genomic_end": 2390,
                    "strand": "-",
                    "aligned_sequence_gapped": "GGGGTGCGGCATTTGCAGTGC",
                    "vector": "111111110111111111111",
                    "conservation": "95.24%",
                    "gapped_start": 488,
                    "gapped_end": 508
                },
                {
                    "genome_id": "NZ_JAQKJU010000003",
                    "chromosome": "1",
                    "genomic_start": 2251,
                    "genomic_end": 2267,
                    "strand": "-",
                    "aligned_sequence_gapped": "----TGCGAGATTTGCAGTGC",
                    "vector": "000011111011111111111",
                    "conservation": "76.19%",
                    "gapped_start": 488,
                    "gapped_end": 508
                },
                {
                    "genome_id": "NZ_JAQKJN010000010",
                    "chromosome": "1",
                    "genomic_start": 2349,
                    "genomic_end": 2369,
                    "strand": "+",
                    "aligned_sequence_gapped": "GGGGTGCGACATTTGCAGTGC",
                    "vector": "111111111111111111111",
                    "conservation": "100.00%",
                    "gapped_start": 488,
                    "gapped_end": 508
                },
                {
                    "genome_id": "NZ_JAQKJS010000012",
                    "chromosome": "1",
                    "genomic_start": 2349,
                    "genomic_end": 2369,
                    "strand": "-",
                    "aligned_sequence_gapped": "GGGGTGCGACATTTGCAGTGC",
                    "vector": "111111111111111111111",
                    "conservation": "100.00%",
                    "gapped_start": 488,
                    "gapped_end": 508
                },
                {
                    "genome_id": "NZ_JAQKIG010000003",
                    "chromosome": "1",
                    "genomic_start": 2415,
                    "genomic_end": 2435,
                    "strand": "+",
                    "aligned_sequence_gapped": "GGGGTGCGACATTTGCAGTGC",
                    "vector": "111111111111111111111",
                    "conservation": "100.00%",
                    "gapped_start": 488,
                    "gapped_end": 508
                },
                {
                    "genome_id": "NZ_JAQKIH010000001",
                    "chromosome": "1",
                    "genomic_start": 2415,
                    "genomic_end": 2435,
                    "strand": "-",
                    "aligned_sequence_gapped": "GGGGTGCGACATTTGCAGTGC",
                    "vector": "111111111111111111111",
                    "conservation": "100.00%",
                    "gapped_start": 488,
                    "gapped_end": 508
                },
                {
                    "genome_id": "NZ_JAQKIO010000005",
                    "chromosome": "1",
                    "genomic_start": 2349,
                    "genomic_end": 2369,
                    "strand": "+",
                    "aligned_sequence_gapped": "GGGGTGCGACATTTGCAGTGC",
                    "vector": "111111111111111111111",
                    "conservation": "100.00%",
                    "gapped_start": 488,
                    "gapped_end": 508
                },
                {
                    "genome_id": "NZ_JAQKJO010000009",
                    "chromosome": "1",
                    "genomic_start": 2349,
                    "genomic_end": 2369,
                    "strand": "+",
                    "aligned_sequence_gapped": "GGGGTGCGACATTTGCAGTGC",
                    "vector": "111111111111111111111",
                    "conservation": "100.00%",
                    "gapped_start": 488,
                    "gapped_end": 508
                },
                {
                    "genome_id": "NZ_JAQKKA010000006",
                    "chromosome": "1",
                    "genomic_start": 2348,
                    "genomic_end": 2368,
                    "strand": "+",
                    "aligned_sequence_gapped": "GGGGTGCGGCATTTGCAGTGC",
                    "vector": "111111110111111111111",
                    "conservation": "95.24%",
                    "gapped_start": 488,
                    "gapped_end": 508
                },
                {
                    "genome_id": "NZ_JAQKJP010000009",
                    "chromosome": "1",
                    "genomic_start": 2349,
                    "genomic_end": 2369,
                    "strand": "+",
                    "aligned_sequence_gapped": "GGGGTGCGACATTTGCAGTGC",
                    "vector": "111111111111111111111",
                    "conservation": "100.00%",
                    "gapped_start": 488,
                    "gapped_end": 508
                },
                {
                    "genome_id": "NZ_JAQKKC010000004",
                    "chromosome": "1",
                    "genomic_start": 2348,
                    "genomic_end": 2368,
                    "strand": "+",
                    "aligned_sequence_gapped": "GGGGTGCGGCATTTGCAGTGC",
                    "vector": "111111110111111111111",
                    "conservation": "95.24%",
                    "gapped_start": 488,
                    "gapped_end": 508
                },
                {
                    "genome_id": "NZ_JAQKIP010000002",
                    "chromosome": "1",
                    "genomic_start": 2349,
                    "genomic_end": 2369,
                    "strand": "-",
                    "aligned_sequence_gapped": "GGGGTGCGACATTTGCAGTGC",
                    "vector": "111111111111111111111",
                    "conservation": "100.00%",
                    "gapped_start": 488,
                    "gapped_end": 508
                },
                {
                    "genome_id": "NZ_JAQKJZ010000001",
                    "chromosome": "1",
                    "genomic_start": 2348,
                    "genomic_end": 2368,
                    "strand": "+",
                    "aligned_sequence_gapped": "GGGGTGCGGCATTTGCAGTGC",
                    "vector": "111111110111111111111",
                    "conservation": "95.24%",
                    "gapped_start": 488,
                    "gapped_end": 508
                },
                {
                    "genome_id": "NZ_JAQKJV010000020",
                    "chromosome": "1",
                    "genomic_start": 2273,
                    "genomic_end": 2289,
                    "strand": "-",
                    "aligned_sequence_gapped": "----TGCGAGATTTGCAGTGC",
                    "vector": "000011111011111111111",
                    "conservation": "76.19%",
                    "gapped_start": 488,
                    "gapped_end": 508
                },
                {
                    "genome_id": "NZ_JAQKJQ010000009",
                    "chromosome": "1",
                    "genomic_start": 2349,
                    "genomic_end": 2369,
                    "strand": "+",
                    "aligned_sequence_gapped": "GGGGTGCGACATTTGCAGTGC",
                    "vector": "111111111111111111111",
                    "conservation": "100.00%",
                    "gapped_start": 488,
                    "gapped_end": 508
                },
                {
                    "genome_id": "NZ_JAQKJW010000012",
                    "chromosome": "1",
                    "genomic_start": 2273,
                    "genomic_end": 2289,
                    "strand": "+",
                    "aligned_sequence_gapped": "----TGCGAGATTTGCAGTGC",
                    "vector": "000011111011111111111",
                    "conservation": "76.19%",
                    "gapped_start": 488,
                    "gapped_end": 508
                },
                {
                    "genome_id": "NZ_JAQKKB010000002",
                    "chromosome": "1",
                    "genomic_start": 3397,
                    "genomic_end": 3417,
                    "strand": "+",
                    "aligned_sequence_gapped": "GGGGTGCGGCATTTGCAGTGC",
                    "vector": "111111110111111111111",
                    "conservation": "95.24%",
                    "gapped_start": 488,
                    "gapped_end": 508
                },
                {
                    "genome_id": "NZ_JAQKJX010000003",
                    "chromosome": "1",
                    "genomic_start": 2251,
                    "genomic_end": 2267,
                    "strand": "-",
                    "aligned_sequence_gapped": "----TGCGAGATTTGCAGTGC",
                    "vector": "000011111011111111111",
                    "conservation": "76.19%",
                    "gapped_start": 488,
                    "gapped_end": 508
                },
                {
                    "genome_id": "NZ_JAQKJY010000007",
                    "chromosome": "1",
                    "genomic_start": 2348,
                    "genomic_end": 2368,
                    "strand": "+",
                    "aligned_sequence_gapped": "GGGGTGCGGCATTTGCAGTGC",
                    "vector": "111111110111111111111",
                    "conservation": "95.24%",
                    "gapped_start": 488,
                    "gapped_end": 508
                },
                {
                    "genome_id": "NZ_JAQKHR010000007",
                    "chromosome": "1",
                    "genomic_start": 2357,
                    "genomic_end": 2377,
                    "strand": "-",
                    "aligned_sequence_gapped": "GGGGTGCGGCATTTGCAGTGC",
                    "vector": "111111110111111111111",
                    "conservation": "95.24%",
                    "gapped_start": 488,
                    "gapped_end": 508
                },
                {
                    "genome_id": "NZ_JBCOGG010000008",
                    "chromosome": "1",
                    "genomic_start": 2238,
                    "genomic_end": 2254,
                    "strand": "+",
                    "aligned_sequence_gapped": "----TGCGGCATTTGCAGTGC",
                    "vector": "000011110111111111111",
                    "conservation": "76.19%",
                    "gapped_start": 488,
                    "gapped_end": 508
                },
                {
                    "genome_id": "NZ_JBCNZS010000009",
                    "chromosome": "1",
                    "genomic_start": 3397,
                    "genomic_end": 3417,
                    "strand": "-",
                    "aligned_sequence_gapped": "GGGGTGCGGCATTTGCAGTGC",
                    "vector": "111111110111111111111",
                    "conservation": "95.24%",
                    "gapped_start": 488,
                    "gapped_end": 508
                },
                {
                    "genome_id": "NZ_JBDFYS010000028",
                    "chromosome": "1",
                    "genomic_start": 3090,
                    "genomic_end": 3110,
                    "strand": "-",
                    "aligned_sequence_gapped": "GGGGTGCGGCATTTGCAGTGC",
                    "vector": "111111110111111111111",
                    "conservation": "95.24%",
                    "gapped_start": 488,
                    "gapped_end": 508
                },
                {
                    "genome_id": "NZ_JBDFYR010000012",
                    "chromosome": "1",
                    "genomic_start": 2427,
                    "genomic_end": 2447,
                    "strand": "+",
                    "aligned_sequence_gapped": "GGGGTGCGGCATTTGCAGTGC",
                    "vector": "111111110111111111111",
                    "conservation": "95.24%",
                    "gapped_start": 488,
                    "gapped_end": 508
                },
                {
                    "genome_id": "NZ_JBCOZV010000020",
                    "chromosome": "1",
                    "genomic_start": 2247,
                    "genomic_end": 2263,
                    "strand": "-",
                    "aligned_sequence_gapped": "----TGCGGCATTTGCAGTGC",
                    "vector": "000011110111111111111",
                    "conservation": "76.19%",
                    "gapped_start": 488,
                    "gapped_end": 508
                },
                {
                    "genome_id": "NZ_JBCOZU010000022",
                    "chromosome": "1",
                    "genomic_start": 2708,
                    "genomic_end": 2724,
                    "strand": "-",
                    "aligned_sequence_gapped": "----TGCGGCATTTGCAGTGC",
                    "vector": "000011110111111111111",
                    "conservation": "76.19%",
                    "gapped_start": 488,
                    "gapped_end": 508
                },
                {
                    "genome_id": "NZ_JBCOZR010000030",
                    "chromosome": "1",
                    "genomic_start": 2349,
                    "genomic_end": 2369,
                    "strand": "+",
                    "aligned_sequence_gapped": "GGGGTGCGGCATTTGCAGTGC",
                    "vector": "111111110111111111111",
                    "conservation": "95.24%",
                    "gapped_start": 488,
                    "gapped_end": 508
                },
                {
                    "genome_id": "NZ_JBCOZQ010000008",
                    "chromosome": "1",
                    "genomic_start": 2349,
                    "genomic_end": 2369,
                    "strand": "+",
                    "aligned_sequence_gapped": "GGGGTGCGGCATTTGCAGTGC",
                    "vector": "111111110111111111111",
                    "conservation": "95.24%",
                    "gapped_start": 488,
                    "gapped_end": 508
                },
                {
                    "genome_id": "NZ_JBCOZO010000007",
                    "chromosome": "1",
                    "genomic_start": 43835,
                    "genomic_end": 43855,
                    "strand": "+",
                    "aligned_sequence_gapped": "GGGGTGCGGCATTTGCAGTGC",
                    "vector": "111111110111111111111",
                    "conservation": "95.24%",
                    "gapped_start": 488,
                    "gapped_end": 508
                },
                {
                    "genome_id": "NZ_JBCOZP010000004",
                    "chromosome": "1",
                    "genomic_start": 184861,
                    "genomic_end": 184881,
                    "strand": "+",
                    "aligned_sequence_gapped": "GGGGTGCGGCATTTGCAGTGC",
                    "vector": "111111110111111111111",
                    "conservation": "95.24%",
                    "gapped_start": 488,
                    "gapped_end": 508
                },
                {
                    "genome_id": "NZ_JBCNZQ010000005",
                    "chromosome": "1",
                    "genomic_start": 2473,
                    "genomic_end": 2493,
                    "strand": "-",
                    "aligned_sequence_gapped": "GGGGTGCGGCATTTGCAGTGC",
                    "vector": "111111110111111111111",
                    "conservation": "95.24%",
                    "gapped_start": 488,
                    "gapped_end": 508
                },
                {
                    "genome_id": "NZ_JBCOGF010000002",
                    "chromosome": "1",
                    "genomic_start": 2238,
                    "genomic_end": 2254,
                    "strand": "-",
                    "aligned_sequence_gapped": "----TGCGGCATTTGCAGTGC",
                    "vector": "000011110111111111111",
                    "conservation": "76.19%",
                    "gapped_start": 488,
                    "gapped_end": 508
                },
                {
                    "genome_id": "NZ_JBCOGE010000001",
                    "chromosome": "1",
                    "genomic_start": 2238,
                    "genomic_end": 2254,
                    "strand": "+",
                    "aligned_sequence_gapped": "----TGCGGCATTTGCAGTGC",
                    "vector": "000011110111111111111",
                    "conservation": "76.19%",
                    "gapped_start": 488,
                    "gapped_end": 508
                },
                {
                    "genome_id": "NZ_JBCOFS010000027",
                    "chromosome": "1",
                    "genomic_start": 2258,
                    "genomic_end": 2278,
                    "strand": "-",
                    "aligned_sequence_gapped": "GGGGTGCGGCATTTGCAGTGC",
                    "vector": "111111110111111111111",
                    "conservation": "95.24%",
                    "gapped_start": 488,
                    "gapped_end": 508
                },
                {
                    "genome_id": "NZ_JBCOFT010000018",
                    "chromosome": "1",
                    "genomic_start": 2258,
                    "genomic_end": 2278,
                    "strand": "+",
                    "aligned_sequence_gapped": "GGGGTGCGGCATTTGCAGTGC",
                    "vector": "111111110111111111111",
                    "conservation": "95.24%",
                    "gapped_start": 488,
                    "gapped_end": 508
                },
                {
                    "genome_id": "NZ_JBJCYX010000004",
                    "chromosome": "1",
                    "genomic_start": 15432,
                    "genomic_end": 15448,
                    "strand": "+",
                    "aligned_sequence_gapped": "----TGCGGCATTTGCAGTGC",
                    "vector": "000011110111111111111",
                    "conservation": "76.19%",
                    "gapped_start": 488,
                    "gapped_end": 508
                },
                {
                    "genome_id": "NZ_LR698991",
                    "chromosome": "1",
                    "genomic_start": 1021818,
                    "genomic_end": 1021834,
                    "strand": "+",
                    "aligned_sequence_gapped": "----TGCGGCATTTGCAGTGC",
                    "vector": "000011110111111111111",
                    "conservation": "76.19%",
                    "gapped_start": 488,
                    "gapped_end": 508
                },
                {
                    "genome_id": "NZ_CAXSOJ010000004",
                    "chromosome": "1",
                    "genomic_start": 2349,
                    "genomic_end": 2369,
                    "strand": "+",
                    "aligned_sequence_gapped": "GGGGTGCGGCATTTGCAGTGC",
                    "vector": "111111110111111111111",
                    "conservation": "95.24%",
                    "gapped_start": 488,
                    "gapped_end": 508
                },
                {
                    "genome_id": "NZ_CAXTZK010000002",
                    "chromosome": "1",
                    "genomic_start": 2473,
                    "genomic_end": 2493,
                    "strand": "-",
                    "aligned_sequence_gapped": "GGGGTGCGGCATTTGCAGTGC",
                    "vector": "111111110111111111111",
                    "conservation": "95.24%",
                    "gapped_start": 488,
                    "gapped_end": 508
                },
                {
                    "genome_id": "NZ_JBDMUB010000009",
                    "chromosome": "1",
                    "genomic_start": 2273,
                    "genomic_end": 2289,
                    "strand": "-",
                    "aligned_sequence_gapped": "----TGCGAGATTTGCAGTGC",
                    "vector": "000011111011111111111",
                    "conservation": "76.19%",
                    "gapped_start": 488,
                    "gapped_end": 508
                },
                {
                    "genome_id": "NZ_JAWZTF010000002",
                    "chromosome": "1",
                    "genomic_start": 2247,
                    "genomic_end": 2267,
                    "strand": "-",
                    "aligned_sequence_gapped": "GGGGTGCGGCATTTGCAGTGC",
                    "vector": "111111110111111111111",
                    "conservation": "95.24%",
                    "gapped_start": 488,
                    "gapped_end": 508
                },
                {
                    "genome_id": "NZ_JAXQKX010000002",
                    "chromosome": "1",
                    "genomic_start": 2247,
                    "genomic_end": 2267,
                    "strand": "-",
                    "aligned_sequence_gapped": "GGGGTGCGGCATTTGCAGTGC",
                    "vector": "111111110111111111111",
                    "conservation": "95.24%",
                    "gapped_start": 488,
                    "gapped_end": 508
                },
                {
                    "genome_id": "NZ_JBCITT010000010",
                    "chromosome": "1",
                    "genomic_start": 3397,
                    "genomic_end": 3417,
                    "strand": "-",
                    "aligned_sequence_gapped": "GGGGTGCGGCATTTGCAGTGC",
                    "vector": "111111110111111111111",
                    "conservation": "95.24%",
                    "gapped_start": 488,
                    "gapped_end": 508
                },
                {
                    "genome_id": "NZ_JBCITR010000007",
                    "chromosome": "1",
                    "genomic_start": 42031,
                    "genomic_end": 42051,
                    "strand": "-",
                    "aligned_sequence_gapped": "GGGGTGCGGCATTTGCAGTGC",
                    "vector": "111111110111111111111",
                    "conservation": "95.24%",
                    "gapped_start": 488,
                    "gapped_end": 508
                },
                {
                    "genome_id": "NZ_JBCITS010000004",
                    "chromosome": "1",
                    "genomic_start": 3397,
                    "genomic_end": 3417,
                    "strand": "+",
                    "aligned_sequence_gapped": "GGGGTGCGGCATTTGCAGTGC",
                    "vector": "111111110111111111111",
                    "conservation": "95.24%",
                    "gapped_start": 488,
                    "gapped_end": 508
                },
                {
                    "genome_id": "NZ_JBCFAF010000006",
                    "chromosome": "1",
                    "genomic_start": 2196,
                    "genomic_end": 2212,
                    "strand": "+",
                    "aligned_sequence_gapped": "----TGCGGCATTTGCAGTGC",
                    "vector": "000011110111111111111",
                    "conservation": "76.19%",
                    "gapped_start": 488,
                    "gapped_end": 508
                },
                {
                    "genome_id": "NZ_JBDMTY010000003",
                    "chromosome": "1",
                    "genomic_start": 2373,
                    "genomic_end": 2393,
                    "strand": "-",
                    "aligned_sequence_gapped": "GGGGTGCGGCATTTGCAGTGC",
                    "vector": "111111110111111111111",
                    "conservation": "95.24%",
                    "gapped_start": 488,
                    "gapped_end": 508
                },
                {
                    "genome_id": "NZ_JBDMTZ010000002",
                    "chromosome": "1",
                    "genomic_start": 2373,
                    "genomic_end": 2393,
                    "strand": "+",
                    "aligned_sequence_gapped": "GGGGTGCGGCATTTGCAGTGC",
                    "vector": "111111110111111111111",
                    "conservation": "95.24%",
                    "gapped_start": 488,
                    "gapped_end": 508
                },
                {
                    "genome_id": "NZ_JBDMUA010000007",
                    "chromosome": "1",
                    "genomic_start": 2273,
                    "genomic_end": 2289,
                    "strand": "-",
                    "aligned_sequence_gapped": "----TGCGAGATTTGCAGTGC",
                    "vector": "000011111011111111111",
                    "conservation": "76.19%",
                    "gapped_start": 488,
                    "gapped_end": 508
                },
                {
                    "genome_id": "NZ_JAKEZH010000005",
                    "chromosome": "1",
                    "genomic_start": 2516,
                    "genomic_end": 2536,
                    "strand": "-",
                    "aligned_sequence_gapped": "GGGGTGCGGCATTTGCAGTGC",
                    "vector": "111111110111111111111",
                    "conservation": "95.24%",
                    "gapped_start": 488,
                    "gapped_end": 508
                },
                {
                    "genome_id": "NZ_JBDOTS010000049",
                    "chromosome": "1",
                    "genomic_start": 2349,
                    "genomic_end": 2369,
                    "strand": "-",
                    "aligned_sequence_gapped": "GGGGTGCGGCATTTGCAGTGC",
                    "vector": "111111110111111111111",
                    "conservation": "95.24%",
                    "gapped_start": 488,
                    "gapped_end": 508
                },
                {
                    "genome_id": "NZ_JBDOTT010000005",
                    "chromosome": "1",
                    "genomic_start": 2734,
                    "genomic_end": 2754,
                    "strand": "-",
                    "aligned_sequence_gapped": "GGGGTGCGGCATTTGCAGTGC",
                    "vector": "111111110111111111111",
                    "conservation": "95.24%",
                    "gapped_start": 488,
                    "gapped_end": 508
                },
                {
                    "genome_id": "NZ_JBDOTU010000008",
                    "chromosome": "1",
                    "genomic_start": 2349,
                    "genomic_end": 2369,
                    "strand": "+",
                    "aligned_sequence_gapped": "GGGGTGCGGCATTTGCAGTGC",
                    "vector": "111111110111111111111",
                    "conservation": "95.24%",
                    "gapped_start": 488,
                    "gapped_end": 508
                },
                {
                    "genome_id": "NZ_JBDOTV010000062",
                    "chromosome": "1",
                    "genomic_start": 2349,
                    "genomic_end": 2369,
                    "strand": "-",
                    "aligned_sequence_gapped": "GGGGTGCGGCATTTGCAGTGC",
                    "vector": "111111110111111111111",
                    "conservation": "95.24%",
                    "gapped_start": 488,
                    "gapped_end": 508
                },
                {
                    "genome_id": "NZ_JBDOUJ010000004",
                    "chromosome": "1",
                    "genomic_start": 2373,
                    "genomic_end": 2393,
                    "strand": "-",
                    "aligned_sequence_gapped": "GGGGTGCGGCATTTGCAGTGC",
                    "vector": "111111110111111111111",
                    "conservation": "95.24%",
                    "gapped_start": 488,
                    "gapped_end": 508
                },
                {
                    "genome_id": "NZ_JBDOUI010000003",
                    "chromosome": "1",
                    "genomic_start": 2349,
                    "genomic_end": 2369,
                    "strand": "-",
                    "aligned_sequence_gapped": "GGGGTGCGACATTTGCAGTGC",
                    "vector": "111111111111111111111",
                    "conservation": "100.00%",
                    "gapped_start": 488,
                    "gapped_end": 508
                },
                {
                    "genome_id": "NZ_JBCNZR010000028",
                    "chromosome": "1",
                    "genomic_start": 2348,
                    "genomic_end": 2368,
                    "strand": "-",
                    "aligned_sequence_gapped": "GGGGTGCGGCATTTGCAGTGC",
                    "vector": "111111110111111111111",
                    "conservation": "95.24%",
                    "gapped_start": 488,
                    "gapped_end": 508
                },
                {
                    "genome_id": "NZ_JBCNZP010000001",
                    "chromosome": "1",
                    "genomic_start": 2473,
                    "genomic_end": 2493,
                    "strand": "-",
                    "aligned_sequence_gapped": "GGGGTGCGGCATTTGCAGTGC",
                    "vector": "111111110111111111111",
                    "conservation": "95.24%",
                    "gapped_start": 488,
                    "gapped_end": 508
                },
                {
                    "genome_id": "NZ_QSSS01000009",
                    "chromosome": "1",
                    "genomic_start": 2243,
                    "genomic_end": 2259,
                    "strand": "-",
                    "aligned_sequence_gapped": "----TGCGGCATTTGCAGTGC",
                    "vector": "000011110111111111111",
                    "conservation": "76.19%",
                    "gapped_start": 488,
                    "gapped_end": 508
                },
                {
                    "genome_id": "NZ_QDIJ01000010",
                    "chromosome": "1",
                    "genomic_start": 2348,
                    "genomic_end": 2368,
                    "strand": "+",
                    "aligned_sequence_gapped": "GGGGTGCGGCATTTGCAGTGC",
                    "vector": "111111110111111111111",
                    "conservation": "95.24%",
                    "gapped_start": 488,
                    "gapped_end": 508
                },
                {
                    "genome_id": "NZ_QDJA01000010",
                    "chromosome": "1",
                    "genomic_start": 2450,
                    "genomic_end": 2470,
                    "strand": "-",
                    "aligned_sequence_gapped": "GGGGTGCGGCATTTGCAGTGC",
                    "vector": "111111110111111111111",
                    "conservation": "95.24%",
                    "gapped_start": 488,
                    "gapped_end": 508
                },
                {
                    "genome_id": "NZ_QDIM01000015",
                    "chromosome": "1",
                    "genomic_start": 2450,
                    "genomic_end": 2470,
                    "strand": "-",
                    "aligned_sequence_gapped": "GGGGTGCGGCATTTGCAGTGC",
                    "vector": "111111110111111111111",
                    "conservation": "95.24%",
                    "gapped_start": 488,
                    "gapped_end": 508
                },
                {
                    "genome_id": "NZ_CP022723",
                    "chromosome": "1",
                    "genomic_start": 1021818,
                    "genomic_end": 1021834,
                    "strand": "+",
                    "aligned_sequence_gapped": "----TGCGGCATTTGCAGTGC",
                    "vector": "000011110111111111111",
                    "conservation": "76.19%",
                    "gapped_start": 488,
                    "gapped_end": 508
                },
                {
                    "genome_id": "NZ_QSOS01000003",
                    "chromosome": "1",
                    "genomic_start": 44628,
                    "genomic_end": 44648,
                    "strand": "+",
                    "aligned_sequence_gapped": "GGGGTGCGGCATTTGCAGTGC",
                    "vector": "111111110111111111111",
                    "conservation": "95.24%",
                    "gapped_start": 488,
                    "gapped_end": 508
                },
                {
                    "genome_id": "NZ_QSQB01000001",
                    "chromosome": "1",
                    "genomic_start": 2238,
                    "genomic_end": 2254,
                    "strand": "+",
                    "aligned_sequence_gapped": "----TGCGGCATTTGCAGTGC",
                    "vector": "000011110111111111111",
                    "conservation": "76.19%",
                    "gapped_start": 488,
                    "gapped_end": 508
                },
                {
                    "genome_id": "NZ_QSQE01000015",
                    "chromosome": "1",
                    "genomic_start": 2285,
                    "genomic_end": 2301,
                    "strand": "+",
                    "aligned_sequence_gapped": "----TGCGGCATTTGCAGTGC",
                    "vector": "000011110111111111111",
                    "conservation": "76.19%",
                    "gapped_start": 488,
                    "gapped_end": 508
                },
                {
                    "genome_id": "NZ_QSQF01000014",
                    "chromosome": "1",
                    "genomic_start": 2273,
                    "genomic_end": 2289,
                    "strand": "-",
                    "aligned_sequence_gapped": "----TGCGGCATTTGCAGTGC",
                    "vector": "000011110111111111111",
                    "conservation": "76.19%",
                    "gapped_start": 488,
                    "gapped_end": 508
                },
                {
                    "genome_id": "NZ_QSSI01000009",
                    "chromosome": "1",
                    "genomic_start": 2226,
                    "genomic_end": 2242,
                    "strand": "+",
                    "aligned_sequence_gapped": "----TGCGGCATTTGCAGTGC",
                    "vector": "000011110111111111111",
                    "conservation": "76.19%",
                    "gapped_start": 488,
                    "gapped_end": 508
                },
                {
                    "genome_id": "NZ_QDII01000003",
                    "chromosome": "1",
                    "genomic_start": 2212,
                    "genomic_end": 2232,
                    "strand": "+",
                    "aligned_sequence_gapped": "GGGGTGCGGCATTTGCAGTGC",
                    "vector": "111111110111111111111",
                    "conservation": "95.24%",
                    "gapped_start": 488,
                    "gapped_end": 508
                },
                {
                    "genome_id": "NZ_QSAO01000003",
                    "chromosome": "1",
                    "genomic_start": 2235,
                    "genomic_end": 2251,
                    "strand": "+",
                    "aligned_sequence_gapped": "----TGCGGCATTTGCAGTGC",
                    "vector": "000011110111111111111",
                    "conservation": "76.19%",
                    "gapped_start": 488,
                    "gapped_end": 508
                },
                {
                    "genome_id": "NZ_QSPA01000010",
                    "chromosome": "1",
                    "genomic_start": 2952,
                    "genomic_end": 2968,
                    "strand": "+",
                    "aligned_sequence_gapped": "----TGCGGCATTTGCAGTGC",
                    "vector": "000011110111111111111",
                    "conservation": "76.19%",
                    "gapped_start": 488,
                    "gapped_end": 508
                },
                {
                    "genome_id": "NZ_QSPI01000010",
                    "chromosome": "1",
                    "genomic_start": 2223,
                    "genomic_end": 2239,
                    "strand": "+",
                    "aligned_sequence_gapped": "----TGCGGCATTTGCAGTGC",
                    "vector": "000011110111111111111",
                    "conservation": "76.19%",
                    "gapped_start": 488,
                    "gapped_end": 508
                },
                {
                    "genome_id": "NZ_QSPQ01000010",
                    "chromosome": "1",
                    "genomic_start": 2226,
                    "genomic_end": 2242,
                    "strand": "+",
                    "aligned_sequence_gapped": "----TGCGGCATTTGCAGTGC",
                    "vector": "000011110111111111111",
                    "conservation": "76.19%",
                    "gapped_start": 488,
                    "gapped_end": 508
                },
                {
                    "genome_id": "NZ_QSGB01000006",
                    "chromosome": "1",
                    "genomic_start": 2225,
                    "genomic_end": 2241,
                    "strand": "+",
                    "aligned_sequence_gapped": "----TGCGGCATTTGCAGTGC",
                    "vector": "000011110111111111111",
                    "conservation": "76.19%",
                    "gapped_start": 488,
                    "gapped_end": 508
                },
                {
                    "genome_id": "NZ_QRJI01000002",
                    "chromosome": "1",
                    "genomic_start": 2243,
                    "genomic_end": 2259,
                    "strand": "-",
                    "aligned_sequence_gapped": "----TGCGGCATTTGCAGTGC",
                    "vector": "000011110111111111111",
                    "conservation": "76.19%",
                    "gapped_start": 488,
                    "gapped_end": 508
                },
                {
                    "genome_id": "NZ_QRJM01000003",
                    "chromosome": "1",
                    "genomic_start": 2243,
                    "genomic_end": 2259,
                    "strand": "-",
                    "aligned_sequence_gapped": "----TGCGGCATTTGCAGTGC",
                    "vector": "000011110111111111111",
                    "conservation": "76.19%",
                    "gapped_start": 488,
                    "gapped_end": 508
                },
                {
                    "genome_id": "NZ_QRJN01000003",
                    "chromosome": "1",
                    "genomic_start": 2249,
                    "genomic_end": 2265,
                    "strand": "+",
                    "aligned_sequence_gapped": "----TGCGGCATTTGCAGTGC",
                    "vector": "000011110111111111111",
                    "conservation": "76.19%",
                    "gapped_start": 488,
                    "gapped_end": 508
                },
                {
                    "genome_id": "NZ_QRJP01000003",
                    "chromosome": "1",
                    "genomic_start": 2249,
                    "genomic_end": 2265,
                    "strand": "+",
                    "aligned_sequence_gapped": "----TGCGGCATTTGCAGTGC",
                    "vector": "000011110111111111111",
                    "conservation": "76.19%",
                    "gapped_start": 488,
                    "gapped_end": 508
                },
                {
                    "genome_id": "NZ_JSDZ01000014",
                    "chromosome": "1",
                    "genomic_start": 38323,
                    "genomic_end": 38339,
                    "strand": "-",
                    "aligned_sequence_gapped": "----TGCGGCATTTGCAGTGC",
                    "vector": "000011110111111111111",
                    "conservation": "76.19%",
                    "gapped_start": 488,
                    "gapped_end": 508
                },
                {
                    "genome_id": "NZ_JAQKJT010000009",
                    "chromosome": "1",
                    "genomic_start": 2349,
                    "genomic_end": 2369,
                    "strand": "+",
                    "aligned_sequence_gapped": "GGGGTGCGACATTTGCAGTGC",
                    "vector": "111111111111111111111",
                    "conservation": "100.00%",
                    "gapped_start": 488,
                    "gapped_end": 508
                },
                {
                    "genome_id": "NZ_DS990229",
                    "chromosome": "1",
                    "genomic_start": 154898,
                    "genomic_end": 154914,
                    "strand": "-",
                    "aligned_sequence_gapped": "----TGCGGCATTTGCAGTGC",
                    "vector": "000011110111111111111",
                    "conservation": "76.19%",
                    "gapped_start": 488,
                    "gapped_end": 508
                },
                {
                    "genome_id": "NC_017999",
                    "chromosome": "1",
                    "genomic_start": 828191,
                    "genomic_end": 828207,
                    "strand": "-",
                    "aligned_sequence_gapped": "----TGCGGCATTTGCAGTGC",
                    "vector": "000011110111111111111",
                    "conservation": "76.19%",
                    "gapped_start": 488,
                    "gapped_end": 508
                },
                {
                    "genome_id": "NZ_AKCA01000001",
                    "chromosome": "1",
                    "genomic_start": 981193,
                    "genomic_end": 981209,
                    "strand": "-",
                    "aligned_sequence_gapped": "----TGCGGCATTTGCAGTGC",
                    "vector": "000011110111111111111",
                    "conservation": "76.19%",
                    "gapped_start": 488,
                    "gapped_end": 508
                },
                {
                    "genome_id": "NZ_AMPL01000033",
                    "chromosome": "1",
                    "genomic_start": 2262,
                    "genomic_end": 2278,
                    "strand": "-",
                    "aligned_sequence_gapped": "----TGCGGCATTTGCAGTGC",
                    "vector": "000011110111111111111",
                    "conservation": "76.19%",
                    "gapped_start": 488,
                    "gapped_end": 508
                },
                {
                    "genome_id": "NZ_JSDV01000006",
                    "chromosome": "1",
                    "genomic_start": 2652,
                    "genomic_end": 2672,
                    "strand": "-",
                    "aligned_sequence_gapped": "GGGGTGCGGCATTTGCAGTGC",
                    "vector": "111111110111111111111",
                    "conservation": "95.24%",
                    "gapped_start": 488,
                    "gapped_end": 508
                },
                {
                    "genome_id": "NZ_JSDS01000007",
                    "chromosome": "1",
                    "genomic_start": 19892,
                    "genomic_end": 19908,
                    "strand": "-",
                    "aligned_sequence_gapped": "----TGCGGCATTTGCAGTGC",
                    "vector": "000011110111111111111",
                    "conservation": "76.19%",
                    "gapped_start": 488,
                    "gapped_end": 508
                },
                {
                    "genome_id": "NZ_JSDY01000006",
                    "chromosome": "1",
                    "genomic_start": 2741,
                    "genomic_end": 2761,
                    "strand": "-",
                    "aligned_sequence_gapped": "GGGGTGCGGCATTTGCAGTGC",
                    "vector": "111111110111111111111",
                    "conservation": "95.24%",
                    "gapped_start": 488,
                    "gapped_end": 508
                },
                {
                    "genome_id": "NZ_JSEB01000012",
                    "chromosome": "1",
                    "genomic_start": 2528,
                    "genomic_end": 2544,
                    "strand": "-",
                    "aligned_sequence_gapped": "----TGCGGCATTTGCAGTGC",
                    "vector": "000011110111111111111",
                    "conservation": "76.19%",
                    "gapped_start": 488,
                    "gapped_end": 508
                },
                {
                    "genome_id": "NZ_JAQKJR010000009",
                    "chromosome": "1",
                    "genomic_start": 2349,
                    "genomic_end": 2369,
                    "strand": "+",
                    "aligned_sequence_gapped": "GGGGTGCGACATTTGCAGTGC",
                    "vector": "111111111111111111111",
                    "conservation": "100.00%",
                    "gapped_start": 488,
                    "gapped_end": 508
                },
                {
                    "genome_id": "NZ_JSDU01000008",
                    "chromosome": "1",
                    "genomic_start": 2401,
                    "genomic_end": 2417,
                    "strand": "-",
                    "aligned_sequence_gapped": "----TGCGGCATTTGCAGTGC",
                    "vector": "000011110111111111111",
                    "conservation": "76.19%",
                    "gapped_start": 488,
                    "gapped_end": 508
                },
                {
                    "genome_id": "NZ_JSEA01000026",
                    "chromosome": "1",
                    "genomic_start": 43184,
                    "genomic_end": 43200,
                    "strand": "-",
                    "aligned_sequence_gapped": "----TGCGGCATTTGCAGTGC",
                    "vector": "000011110111111111111",
                    "conservation": "76.19%",
                    "gapped_start": 488,
                    "gapped_end": 508
                },
                {
                    "genome_id": "NZ_CP010412",
                    "chromosome": "1",
                    "genomic_start": 739760,
                    "genomic_end": 739776,
                    "strand": "-",
                    "aligned_sequence_gapped": "----TGCGGCATTTGCAGTGC",
                    "vector": "000011110111111111111",
                    "conservation": "76.19%",
                    "gapped_start": 488,
                    "gapped_end": 508
                },
                {
                    "genome_id": "NZ_BBBT01000072",
                    "chromosome": "1",
                    "genomic_start": 1608,
                    "genomic_end": 1628,
                    "strand": "-",
                    "aligned_sequence_gapped": "GGGGTGCGGCATTTGCAGTGC",
                    "vector": "111111110111111111111",
                    "conservation": "95.24%",
                    "gapped_start": 488,
                    "gapped_end": 508
                },
                {
                    "genome_id": "NZ_CYXQ01000009",
                    "chromosome": "1",
                    "genomic_start": 2243,
                    "genomic_end": 2259,
                    "strand": "-",
                    "aligned_sequence_gapped": "----TGCGGCATTTGCAGTGC",
                    "vector": "000011110111111111111",
                    "conservation": "76.19%",
                    "gapped_start": 488,
                    "gapped_end": 508
                },
                {
                    "genome_id": "NZ_CP018757",
                    "chromosome": "1",
                    "genomic_start": 2131467,
                    "genomic_end": 2131487,
                    "strand": "+",
                    "aligned_sequence_gapped": "GGGGTGCGGCATTTGCAGTGC",
                    "vector": "111111110111111111111",
                    "conservation": "95.24%",
                    "gapped_start": 488,
                    "gapped_end": 508
                },
                {
                    "genome_id": "NZ_QDIH01000002",
                    "chromosome": "1",
                    "genomic_start": 2450,
                    "genomic_end": 2470,
                    "strand": "+",
                    "aligned_sequence_gapped": "GGGGTGCGGCATTTGCAGTGC",
                    "vector": "111111110111111111111",
                    "conservation": "95.24%",
                    "gapped_start": 488,
                    "gapped_end": 508
                },
                {
                    "genome_id": "NZ_QDIX01000021",
                    "chromosome": "1",
                    "genomic_start": 2276,
                    "genomic_end": 2296,
                    "strand": "-",
                    "aligned_sequence_gapped": "GGGGTGCGGCATTTGCAGTGC",
                    "vector": "111111110111111111111",
                    "conservation": "95.24%",
                    "gapped_start": 488,
                    "gapped_end": 508
                },
                {
                    "genome_id": "NZ_JAQKIS010000007",
                    "chromosome": "1",
                    "genomic_start": 2349,
                    "genomic_end": 2369,
                    "strand": "-",
                    "aligned_sequence_gapped": "GGGGTGCGACATTTGCAGTGC",
                    "vector": "111111111111111111111",
                    "conservation": "100.00%",
                    "gapped_start": 488,
                    "gapped_end": 508
                },
                {
                    "genome_id": "NZ_JAQCTT010000004",
                    "chromosome": "1",
                    "genomic_start": 2241,
                    "genomic_end": 2257,
                    "strand": "-",
                    "aligned_sequence_gapped": "----TGCGGCATTTGCAGTGC",
                    "vector": "000011110111111111111",
                    "conservation": "76.19%",
                    "gapped_start": 488,
                    "gapped_end": 508
                },
                {
                    "genome_id": "NZ_JAQFEI010000008",
                    "chromosome": "1",
                    "genomic_start": 2285,
                    "genomic_end": 2301,
                    "strand": "+",
                    "aligned_sequence_gapped": "----TGCGGCATTTGCAGTGC",
                    "vector": "000011110111111111111",
                    "conservation": "76.19%",
                    "gapped_start": 488,
                    "gapped_end": 508
                },
                {
                    "genome_id": "NZ_JAQFDS010000014",
                    "chromosome": "1",
                    "genomic_start": 2955,
                    "genomic_end": 2971,
                    "strand": "-",
                    "aligned_sequence_gapped": "----TGCGGCATTTGCAGTGC",
                    "vector": "000011110111111111111",
                    "conservation": "76.19%",
                    "gapped_start": 488,
                    "gapped_end": 508
                },
                {
                    "genome_id": "NZ_JAQFDG010000006",
                    "chromosome": "1",
                    "genomic_start": 9790,
                    "genomic_end": 9806,
                    "strand": "+",
                    "aligned_sequence_gapped": "----TGCGGCATTTGCAGTGC",
                    "vector": "000011110111111111111",
                    "conservation": "76.19%",
                    "gapped_start": 488,
                    "gapped_end": 508
                },
                {
                    "genome_id": "NZ_JAQFBW010000009",
                    "chromosome": "1",
                    "genomic_start": 2243,
                    "genomic_end": 2259,
                    "strand": "-",
                    "aligned_sequence_gapped": "----TGCGGCATTTGCAGTGC",
                    "vector": "000011110111111111111",
                    "conservation": "76.19%",
                    "gapped_start": 488,
                    "gapped_end": 508
                },
                {
                    "genome_id": "NZ_JAQFAS010000007",
                    "chromosome": "1",
                    "genomic_start": 41775,
                    "genomic_end": 41791,
                    "strand": "+",
                    "aligned_sequence_gapped": "----TGCGGCATTTGCAGTGC",
                    "vector": "000011110111111111111",
                    "conservation": "76.19%",
                    "gapped_start": 488,
                    "gapped_end": 508
                },
                {
                    "genome_id": "NZ_JAQEZZ010000006",
                    "chromosome": "1",
                    "genomic_start": 9801,
                    "genomic_end": 9817,
                    "strand": "-",
                    "aligned_sequence_gapped": "----TGCGGCATTTGCAGTGC",
                    "vector": "000011110111111111111",
                    "conservation": "76.19%",
                    "gapped_start": 488,
                    "gapped_end": 508
                },
                {
                    "genome_id": "NZ_JAQEXC010000001",
                    "chromosome": "1",
                    "genomic_start": 2291,
                    "genomic_end": 2307,
                    "strand": "-",
                    "aligned_sequence_gapped": "----TGCGGCATTTGCAGTGC",
                    "vector": "000011110111111111111",
                    "conservation": "76.19%",
                    "gapped_start": 488,
                    "gapped_end": 508
                },
                {
                    "genome_id": "NZ_JAQEWT010000001",
                    "chromosome": "1",
                    "genomic_start": 3048,
                    "genomic_end": 3064,
                    "strand": "+",
                    "aligned_sequence_gapped": "----TGCGGCATTTGCAGTGC",
                    "vector": "000011110111111111111",
                    "conservation": "76.19%",
                    "gapped_start": 488,
                    "gapped_end": 508
                },
                {
                    "genome_id": "NZ_QRLK01000007",
                    "chromosome": "1",
                    "genomic_start": 43232,
                    "genomic_end": 43248,
                    "strand": "-",
                    "aligned_sequence_gapped": "----TGCGGCATTTGCAGTGC",
                    "vector": "000011110111111111111",
                    "conservation": "76.19%",
                    "gapped_start": 488,
                    "gapped_end": 508
                },
                {
                    "genome_id": "NZ_JAQKIT010000003",
                    "chromosome": "1",
                    "genomic_start": 2349,
                    "genomic_end": 2369,
                    "strand": "+",
                    "aligned_sequence_gapped": "GGGGTGCGACATTTGCAGTGC",
                    "vector": "111111111111111111111",
                    "conservation": "100.00%",
                    "gapped_start": 488,
                    "gapped_end": 508
                },
                {
                    "genome_id": "NZ_JAQKJD010000003",
                    "chromosome": "1",
                    "genomic_start": 2373,
                    "genomic_end": 2393,
                    "strand": "+",
                    "aligned_sequence_gapped": "GGGGTGCGGCATTTGCAGTGC",
                    "vector": "111111110111111111111",
                    "conservation": "95.24%",
                    "gapped_start": 488,
                    "gapped_end": 508
                },
                {
                    "genome_id": "NZ_JAQKIU010000002",
                    "chromosome": "1",
                    "genomic_start": 2349,
                    "genomic_end": 2369,
                    "strand": "+",
                    "aligned_sequence_gapped": "GGGGTGCGACATTTGCAGTGC",
                    "vector": "111111111111111111111",
                    "conservation": "100.00%",
                    "gapped_start": 488,
                    "gapped_end": 508
                },
                {
                    "genome_id": "NZ_JAQKJM010000009",
                    "chromosome": "1",
                    "genomic_start": 2349,
                    "genomic_end": 2369,
                    "strand": "+",
                    "aligned_sequence_gapped": "GGGGTGCGACATTTGCAGTGC",
                    "vector": "111111111111111111111",
                    "conservation": "100.00%",
                    "gapped_start": 488,
                    "gapped_end": 508
                },
                {
                    "genome_id": "NZ_JAQKJJ010000009",
                    "chromosome": "1",
                    "genomic_start": 2349,
                    "genomic_end": 2369,
                    "strand": "+",
                    "aligned_sequence_gapped": "GGGGTGCGACATTTGCAGTGC",
                    "vector": "111111111111111111111",
                    "conservation": "100.00%",
                    "gapped_start": 488,
                    "gapped_end": 508
                },
                {
                    "genome_id": "NZ_JAQKJL010000009",
                    "chromosome": "1",
                    "genomic_start": 2349,
                    "genomic_end": 2369,
                    "strand": "+",
                    "aligned_sequence_gapped": "GGGGTGCGACATTTGCAGTGC",
                    "vector": "111111111111111111111",
                    "conservation": "100.00%",
                    "gapped_start": 488,
                    "gapped_end": 508
                },
                {
                    "genome_id": "NZ_JAQKJK010000009",
                    "chromosome": "1",
                    "genomic_start": 2349,
                    "genomic_end": 2369,
                    "strand": "+",
                    "aligned_sequence_gapped": "GGGGTGCGACATTTGCAGTGC",
                    "vector": "111111111111111111111",
                    "conservation": "100.00%",
                    "gapped_start": 488,
                    "gapped_end": 508
                },
                {
                    "genome_id": "NZ_QRLR01000001",
                    "chromosome": "1",
                    "genomic_start": 3098,
                    "genomic_end": 3114,
                    "strand": "-",
                    "aligned_sequence_gapped": "----TGCGGCATTTGCAGTGC",
                    "vector": "000011110111111111111",
                    "conservation": "76.19%",
                    "gapped_start": 488,
                    "gapped_end": 508
                },
                {
                    "genome_id": "NZ_JAQCWZ010000009",
                    "chromosome": "1",
                    "genomic_start": 3810,
                    "genomic_end": 3826,
                    "strand": "-",
                    "aligned_sequence_gapped": "----TGCGGCATTTGCAGTGC",
                    "vector": "000011110111111111111",
                    "conservation": "76.19%",
                    "gapped_start": 488,
                    "gapped_end": 508
                },
                {
                    "genome_id": "NZ_JAQCWY010000008",
                    "chromosome": "1",
                    "genomic_start": 3810,
                    "genomic_end": 3826,
                    "strand": "-",
                    "aligned_sequence_gapped": "----TGCGGCATTTGCAGTGC",
                    "vector": "000011110111111111111",
                    "conservation": "76.19%",
                    "gapped_start": 488,
                    "gapped_end": 508
                },
                {
                    "genome_id": "NZ_SPGB01000003",
                    "chromosome": "1",
                    "genomic_start": 2251,
                    "genomic_end": 2267,
                    "strand": "-",
                    "aligned_sequence_gapped": "----TGCGAGATTTGCAGTGC",
                    "vector": "000011111011111111111",
                    "conservation": "76.19%",
                    "gapped_start": 488,
                    "gapped_end": 508
                },
                {
                    "genome_id": "NZ_WBNT01000003",
                    "chromosome": "1",
                    "genomic_start": 3038,
                    "genomic_end": 3054,
                    "strand": "+",
                    "aligned_sequence_gapped": "----TGCGGCATTTGCAGTGC",
                    "vector": "000011110111111111111",
                    "conservation": "76.19%",
                    "gapped_start": 488,
                    "gapped_end": 508
                },
                {
                    "genome_id": "NZ_JADMYI010000008",
                    "chromosome": "1",
                    "genomic_start": 2349,
                    "genomic_end": 2369,
                    "strand": "+",
                    "aligned_sequence_gapped": "GGGGTGCGACATTTGCAGTGC",
                    "vector": "111111111111111111111",
                    "conservation": "100.00%",
                    "gapped_start": 488,
                    "gapped_end": 508
                },
                {
                    "genome_id": "NZ_JADPDP010000012",
                    "chromosome": "1",
                    "genomic_start": 2273,
                    "genomic_end": 2289,
                    "strand": "+",
                    "aligned_sequence_gapped": "----TGCGAGATTTGCAGTGC",
                    "vector": "000011111011111111111",
                    "conservation": "76.19%",
                    "gapped_start": 488,
                    "gapped_end": 508
                },
                {
                    "genome_id": "NZ_JACTOD010000003",
                    "chromosome": "1",
                    "genomic_start": 1976,
                    "genomic_end": 1992,
                    "strand": "-",
                    "aligned_sequence_gapped": "----TGCGGCATTTGCAGTGC",
                    "vector": "000011110111111111111",
                    "conservation": "76.19%",
                    "gapped_start": 488,
                    "gapped_end": 508
                },
                {
                    "genome_id": "NZ_CP069279",
                    "chromosome": "1",
                    "genomic_start": 2152994,
                    "genomic_end": 2153010,
                    "strand": "-",
                    "aligned_sequence_gapped": "----TGCGGCATTTGCAGTGC",
                    "vector": "000011110111111111111",
                    "conservation": "76.19%",
                    "gapped_start": 488,
                    "gapped_end": 508
                },
                {
                    "genome_id": "NZ_JAJJPE010000006",
                    "chromosome": "1",
                    "genomic_start": 2523,
                    "genomic_end": 2543,
                    "strand": "-",
                    "aligned_sequence_gapped": "GGGGTGCGGCATTTGCAGTGC",
                    "vector": "111111110111111111111",
                    "conservation": "95.24%",
                    "gapped_start": 488,
                    "gapped_end": 508
                },
                {
                    "genome_id": "NZ_JAKNHR010000023",
                    "chromosome": "1",
                    "genomic_start": 2271,
                    "genomic_end": 2287,
                    "strand": "-",
                    "aligned_sequence_gapped": "----TGCGGCATTTGCAGTGC",
                    "vector": "000011110111111111111",
                    "conservation": "76.19%",
                    "gapped_start": 488,
                    "gapped_end": 508
                },
                {
                    "genome_id": "NZ_BQJY01000014",
                    "chromosome": "1",
                    "genomic_start": 3320,
                    "genomic_end": 3340,
                    "strand": "+",
                    "aligned_sequence_gapped": "GGGGTGCGGCATTTGCAGTGC",
                    "vector": "111111110111111111111",
                    "conservation": "95.24%",
                    "gapped_start": 488,
                    "gapped_end": 508
                },
                {
                    "genome_id": "NZ_JAKNHM020000002",
                    "chromosome": "1",
                    "genomic_start": 744493,
                    "genomic_end": 744509,
                    "strand": "-",
                    "aligned_sequence_gapped": "----TGCGGCATTTGCAGTGC",
                    "vector": "000011110111111111111",
                    "conservation": "76.19%",
                    "gapped_start": 488,
                    "gapped_end": 508
                },
                {
                    "genome_id": "NZ_JAQDZD010000003",
                    "chromosome": "1",
                    "genomic_start": 2255,
                    "genomic_end": 2271,
                    "strand": "-",
                    "aligned_sequence_gapped": "----TGCGGCATTTGCAGTGC",
                    "vector": "000011110111111111111",
                    "conservation": "76.19%",
                    "gapped_start": 488,
                    "gapped_end": 508
                },
                {
                    "genome_id": "NZ_JAQDZJ010000003",
                    "chromosome": "1",
                    "genomic_start": 2249,
                    "genomic_end": 2265,
                    "strand": "-",
                    "aligned_sequence_gapped": "----TGCGGCATTTGCAGTGC",
                    "vector": "000011110111111111111",
                    "conservation": "76.19%",
                    "gapped_start": 488,
                    "gapped_end": 508
                },
                {
                    "genome_id": "NZ_JAQECX010000007",
                    "chromosome": "1",
                    "genomic_start": 2231,
                    "genomic_end": 2247,
                    "strand": "+",
                    "aligned_sequence_gapped": "----TGCGGCATTTGCAGTGC",
                    "vector": "000011110111111111111",
                    "conservation": "76.19%",
                    "gapped_start": 488,
                    "gapped_end": 508
                },
                {
                    "genome_id": "NZ_JAQEFP010000010",
                    "chromosome": "1",
                    "genomic_start": 2245,
                    "genomic_end": 2261,
                    "strand": "-",
                    "aligned_sequence_gapped": "----TGCGGCATTTGCAGTGC",
                    "vector": "000011110111111111111",
                    "conservation": "76.19%",
                    "gapped_start": 488,
                    "gapped_end": 508
                },
                {
                    "genome_id": "NZ_JAQDJG010000006",
                    "chromosome": "1",
                    "genomic_start": 2241,
                    "genomic_end": 2257,
                    "strand": "-",
                    "aligned_sequence_gapped": "----TGCGGCATTTGCAGTGC",
                    "vector": "000011110111111111111",
                    "conservation": "76.19%",
                    "gapped_start": 488,
                    "gapped_end": 508
                },
                {
                    "genome_id": "NZ_JAODHG010000003",
                    "chromosome": "1",
                    "genomic_start": 2663,
                    "genomic_end": 2679,
                    "strand": "-",
                    "aligned_sequence_gapped": "----TGCGGCATTTGCAGTGC",
                    "vector": "000011110111111111111",
                    "conservation": "76.19%",
                    "gapped_start": 488,
                    "gapped_end": 508
                }
            ]
        }
    }
]