[
    {
        "hit_id": "regex_NZ_QDIX01000066__GGCCCCCCCCCCCCGGGGGGGGGGGG_28_36_GGCCCCCCCCCCCCGGGGGGGGGGGG_rc_28",
        "reference_genome": "NZ_QDIX01000066",
        "chromosome": "1",
        "genomic_start": 43206,
        "genomic_end": 43231,
        "strand": "-",
        "motif_type": "regex",
        "motif_name": "_GGCCCCCCCCCCCCGGGGGGGGGGGG_28_36_GGCCCCCCCCCCCCGGGGGGGGGGGG",
        "motif_length": 26,
        "gapped_motif": "CCCCCCCCCCCCGGGGGGGGGGGGCC",
        "gapped_start": 29,
        "gapped_end": 54,
        "ungapped_start": 29,
        "ungapped_end": 54,
        "motif": "GGCCCCCCCCCCCCGGGGGGGGGGGG",
        "motif_strand": "+",
        "conservation": {
            "value": 26.92,
            "other_genomes": [
                {
                    "genome_id": "NZ_QDIX01000129",
                    "chromosome": "1",
                    "genomic_start": 167,
                    "genomic_end": 176,
                    "strand": "-",
                    "aligned_sequence_gapped": "--------------GGTGTGTGGG--",
                    "vector": "00000000000000110101011100",
                    "conservation": "26.92%",
                    "gapped_start": 29,
                    "gapped_end": 54
                }
            ]
        }
    }
]