[
    {
        "hit_id": "regex_NZ_CAAKNT010000042__ATTTCAATCCACGCACCCCGTGAGGGGTGCGA_28_36_ATTTCAATCCACGCACCCCGTGAGGGGTGCGA__5",
        "reference_genome": "NZ_CAAKNT010000042",
        "chromosome": "1",
        "genomic_start": 332,
        "genomic_end": 364,
        "strand": "+",
        "motif_type": "regex",
        "motif_name": "_ATTTCAATCCACGCACCCCGTGAGGGGTGCGA_28_36_ATTTCAATCCACGCACCCCGTGAGGGGTGCGA_",
        "motif_length": 33,
        "gapped_motif": "ATTTCAATCCACGCACCCCGTGAGGGGTGCGAC",
        "gapped_start": 6,
        "gapped_end": 38,
        "ungapped_start": 6,
        "ungapped_end": 38,
        "motif": "ATTTCAATCCACGCACCCCGTGAGGGGTGCGAC",
        "motif_strand": "+",
        "conservation": {
            "value": 100.0,
            "other_genomes": [
                {
                    "genome_id": "NZ_JACTOD010000009",
                    "chromosome": "1",
                    "genomic_start": 27457,
                    "genomic_end": 27489,
                    "strand": "+",
                    "aligned_sequence_gapped": "ATTTCAATCCACGCACCCCGTGAGGGGTGCGAC",
                    "vector": "111111111111111111111111111111111",
                    "conservation": "100.00%",
                    "gapped_start": 6,
                    "gapped_end": 38
                }
            ]
        }
    },
    {
        "hit_id": "regex_NZ_CAAKNT010000042__ATTTCAATCCACGCACCCCGTGAGGGGTGCGA_28_36_ATTTCAATCCACGCACCCCGTGAGGGGTGCGA__135",
        "reference_genome": "NZ_CAAKNT010000042",
        "chromosome": "1",
        "genomic_start": 462,
        "genomic_end": 494,
        "strand": "+",
        "motif_type": "regex",
        "motif_name": "_ATTTCAATCCACGCACCCCGTGAGGGGTGCGA_28_36_ATTTCAATCCACGCACCCCGTGAGGGGTGCGA_",
        "motif_length": 33,
        "gapped_motif": "ATTTCAATCCACGCACCCCGTGAGGGGTGCGAC",
        "gapped_start": 136,
        "gapped_end": 168,
        "ungapped_start": 136,
        "ungapped_end": 168,
        "motif": "ATTTCAATCCACGCACCCCGTGAGGGGTGCGAC",
        "motif_strand": "+",
        "conservation": {
            "value": 100.0,
            "other_genomes": [
                {
                    "genome_id": "NZ_JACTOD010000009",
                    "chromosome": "1",
                    "genomic_start": 27524,
                    "genomic_end": 27556,
                    "strand": "+",
                    "aligned_sequence_gapped": "ATTTCAATCCACGCACCCCGTGAGGGGTGCGAC",
                    "vector": "111111111111111111111111111111111",
                    "conservation": "100.00%",
                    "gapped_start": 136,
                    "gapped_end": 168
                }
            ]
        }
    },
    {
        "hit_id": "regex_NZ_CAAKNT010000042__ATTTCAATCCACGCACCCCGTGAGGGGTGCGA_28_36_ATTTCAATCCACGCACCCCGTGAGGGGTGCGA__3",
        "reference_genome": "NZ_CAAKNT010000042",
        "chromosome": "1",
        "genomic_start": 598,
        "genomic_end": 630,
        "strand": "+",
        "motif_type": "regex",
        "motif_name": "_ATTTCAATCCACGCACCCCGTGAGGGGTGCGA_28_36_ATTTCAATCCACGCACCCCGTGAGGGGTGCGA_",
        "motif_length": 33,
        "gapped_motif": "ATTTCAATCCACGCACCCCGTGAGGGGTGCGAC",
        "gapped_start": 4,
        "gapped_end": 36,
        "ungapped_start": 4,
        "ungapped_end": 36,
        "motif": "ATTTCAATCCACGCACCCCGTGAGGGGTGCGAC",
        "motif_strand": "+",
        "conservation": {
            "value": 100.0,
            "other_genomes": [
                {
                    "genome_id": "NZ_QSRS01000002",
                    "chromosome": "1",
                    "genomic_start": 23579,
                    "genomic_end": 23611,
                    "strand": "-",
                    "aligned_sequence_gapped": "ATTTCAATCCACGCACCCCGTGAGGGGTGCGAC",
                    "vector": "111111111111111111111111111111111",
                    "conservation": "100.00%",
                    "gapped_start": 4,
                    "gapped_end": 36
                }
            ]
        }
    }
]