[
    {
        "hit_id": "regex_NZ_JBDOTQ010000001__ATTTCAATCCACGCACCCCGTGAGGGGTGCGA_28_36_ATTTCAATCCACGCACCCCGTGAGGGGTGCGA__rc_54",
        "reference_genome": "NZ_JBDOTQ010000001",
        "chromosome": "1",
        "genomic_start": 455755,
        "genomic_end": 455787,
        "strand": "-",
        "motif_type": "regex",
        "motif_name": "_ATTTCAATCCACGCACCCCGTGAGGGGTGCGA_28_36_ATTTCAATCCACGCACCCCGTGAGGGGTGCGA_",
        "motif_length": 33,
        "gapped_motif": "GTCGCACCCCTCACGGGGTGCGTGGATTGAAAT",
        "gapped_start": 56,
        "gapped_end": 88,
        "ungapped_start": 55,
        "ungapped_end": 87,
        "motif": "ATTTCAATCCACGCACCCCGTGAGGGGTGCGAC",
        "motif_strand": "+",
        "conservation": {
            "value": 100.0,
            "other_genomes": [
                {
                    "genome_id": "NZ_JBDOTR010000004",
                    "chromosome": "1",
                    "genomic_start": 172119,
                    "genomic_end": 172151,
                    "strand": "+",
                    "aligned_sequence_gapped": "GTCGCACCCCTCACGGGGTGCGTGGATTGAAAT",
                    "vector": "111111111111111111111111111111111",
                    "conservation": "100.00%",
                    "gapped_start": 56,
                    "gapped_end": 88
                }
            ]
        }
    }
]