[
    {
        "hit_id": "regex_NZ_JAQKIL010000003__ATTTCAATCCACGCACCCCGTGAGGGGTGCGA_28_36_ATTTCAATCCACGCACCCCGTGAGGGGTGCGA__3",
        "reference_genome": "NZ_JAQKIL010000003",
        "chromosome": "1",
        "genomic_start": 25288,
        "genomic_end": 25320,
        "strand": "+",
        "motif_type": "regex",
        "motif_name": "_ATTTCAATCCACGCACCCCGTGAGGGGTGCGA_28_36_ATTTCAATCCACGCACCCCGTGAGGGGTGCGA_",
        "motif_length": 33,
        "gapped_motif": "ATTTCAATCCACGCACCCCGTGAGGGGT--G---CG--A-C",
        "gapped_start": 4,
        "gapped_end": 44,
        "ungapped_start": 4,
        "ungapped_end": 36,
        "motif": "ATTTCAATCCACGCACCCCGTGAGGGGTGCGAC",
        "motif_strand": "+",
        "conservation": {
            "value": 98.28,
            "other_genomes": [
                {
                    "genome_id": "NZ_JAQKII010000008",
                    "chromosome": "1",
                    "genomic_start": 24538,
                    "genomic_end": 24569,
                    "strand": "-",
                    "aligned_sequence_gapped": "ATTTCAATCCACGCACCCCGTGAGGGGT--G---CG--A--",
                    "vector": "111111111111111111111111111111110",
                    "conservation": "96.97%",
                    "gapped_start": 4,
                    "gapped_end": 44
                },
                {
                    "genome_id": "NZ_JAQKII010000008",
                    "chromosome": "1",
                    "genomic_start": 24944,
                    "genomic_end": 24976,
                    "strand": "-",
                    "aligned_sequence_gapped": "ATTTCAATCCACGCACCCCGTGAGGGGT--G---CG--A-C",
                    "vector": "111111111111111111111111111111111",
                    "conservation": "100.00%",
                    "gapped_start": 4,
                    "gapped_end": 44
                },
                {
                    "genome_id": "NZ_JAQKIP010000003",
                    "chromosome": "1",
                    "genomic_start": 24944,
                    "genomic_end": 24976,
                    "strand": "+",
                    "aligned_sequence_gapped": "ATTTCAATCCACGCACCCCGTGAGGGGT--G---CG--A-C",
                    "vector": "111111111111111111111111111111111",
                    "conservation": "100.00%",
                    "gapped_start": 4,
                    "gapped_end": 44
                },
                {
                    "genome_id": "NZ_JAQKIP010000003",
                    "chromosome": "1",
                    "genomic_start": 24538,
                    "genomic_end": 24569,
                    "strand": "+",
                    "aligned_sequence_gapped": "ATTTCAATCCACGCACCCCGTGAGGGGT--G---CG--A--",
                    "vector": "111111111111111111111111111111110",
                    "conservation": "96.97%",
                    "gapped_start": 4,
                    "gapped_end": 44
                },
                {
                    "genome_id": "NZ_JAQKJQ010000002",
                    "chromosome": "1",
                    "genomic_start": 24944,
                    "genomic_end": 24976,
                    "strand": "+",
                    "aligned_sequence_gapped": "ATTTCAATCCACGCACCCCGTGAGGGGT--G---CG--A-C",
                    "vector": "111111111111111111111111111111111",
                    "conservation": "100.00%",
                    "gapped_start": 4,
                    "gapped_end": 44
                },
                {
                    "genome_id": "NZ_JAQKJQ010000002",
                    "chromosome": "1",
                    "genomic_start": 24538,
                    "genomic_end": 24569,
                    "strand": "+",
                    "aligned_sequence_gapped": "ATTTCAATCCACGCACCCCGTGAGGGGT--G---CG--A--",
                    "vector": "111111111111111111111111111111110",
                    "conservation": "96.97%",
                    "gapped_start": 4,
                    "gapped_end": 44
                },
                {
                    "genome_id": "NZ_JAQKJP010000002",
                    "chromosome": "1",
                    "genomic_start": 24538,
                    "genomic_end": 24569,
                    "strand": "-",
                    "aligned_sequence_gapped": "ATTTCAATCCACGCACCCCGTGAGGGGT--G---CG--A--",
                    "vector": "111111111111111111111111111111110",
                    "conservation": "96.97%",
                    "gapped_start": 4,
                    "gapped_end": 44
                },
                {
                    "genome_id": "NZ_JAQKJP010000002",
                    "chromosome": "1",
                    "genomic_start": 24944,
                    "genomic_end": 24976,
                    "strand": "-",
                    "aligned_sequence_gapped": "ATTTCAATCCACGCACCCCGTGAGGGGT--G---CG--A-C",
                    "vector": "111111111111111111111111111111111",
                    "conservation": "100.00%",
                    "gapped_start": 4,
                    "gapped_end": 44
                },
                {
                    "genome_id": "NZ_JAQKJO010000002",
                    "chromosome": "1",
                    "genomic_start": 24538,
                    "genomic_end": 24569,
                    "strand": "-",
                    "aligned_sequence_gapped": "ATTTCAATCCACGCACCCCGTGAGGGGT--G---CG--A--",
                    "vector": "111111111111111111111111111111110",
                    "conservation": "96.97%",
                    "gapped_start": 4,
                    "gapped_end": 44
                },
                {
                    "genome_id": "NZ_JAQKJO010000002",
                    "chromosome": "1",
                    "genomic_start": 24944,
                    "genomic_end": 24976,
                    "strand": "-",
                    "aligned_sequence_gapped": "ATTTCAATCCACGCACCCCGTGAGGGGT--G---CG--A-C",
                    "vector": "111111111111111111111111111111111",
                    "conservation": "100.00%",
                    "gapped_start": 4,
                    "gapped_end": 44
                },
                {
                    "genome_id": "NZ_JAQKIO010000011",
                    "chromosome": "1",
                    "genomic_start": 1668,
                    "genomic_end": 1699,
                    "strand": "-",
                    "aligned_sequence_gapped": "ATTTCAATCCACGCACCCCGTGAGGGGT--G---CG--A--",
                    "vector": "111111111111111111111111111111110",
                    "conservation": "96.97%",
                    "gapped_start": 4,
                    "gapped_end": 44
                },
                {
                    "genome_id": "NZ_JAQKIJ010000004",
                    "chromosome": "1",
                    "genomic_start": 25288,
                    "genomic_end": 25320,
                    "strand": "-",
                    "aligned_sequence_gapped": "ATTTCAATCCACGCACCCCGTGAGGGGT--G---CG--A-C",
                    "vector": "111111111111111111111111111111111",
                    "conservation": "100.00%",
                    "gapped_start": 4,
                    "gapped_end": 44
                },
                {
                    "genome_id": "NZ_JAQKIJ010000004",
                    "chromosome": "1",
                    "genomic_start": 24882,
                    "genomic_end": 24913,
                    "strand": "-",
                    "aligned_sequence_gapped": "ATTTCAATCCACGCACCCCGTGAGGGGT--G---CG--A--",
                    "vector": "111111111111111111111111111111110",
                    "conservation": "96.97%",
                    "gapped_start": 4,
                    "gapped_end": 44
                },
                {
                    "genome_id": "NZ_JAQKIK010000002",
                    "chromosome": "1",
                    "genomic_start": 24944,
                    "genomic_end": 24976,
                    "strand": "-",
                    "aligned_sequence_gapped": "ATTTCAATCCACGCACCCCGTGAGGGGT--G---CG--A-C",
                    "vector": "111111111111111111111111111111111",
                    "conservation": "100.00%",
                    "gapped_start": 4,
                    "gapped_end": 44
                },
                {
                    "genome_id": "NZ_JAQKIK010000002",
                    "chromosome": "1",
                    "genomic_start": 24538,
                    "genomic_end": 24569,
                    "strand": "-",
                    "aligned_sequence_gapped": "ATTTCAATCCACGCACCCCGTGAGGGGT--G---CG--A--",
                    "vector": "111111111111111111111111111111110",
                    "conservation": "96.97%",
                    "gapped_start": 4,
                    "gapped_end": 44
                },
                {
                    "genome_id": "NZ_JAQKIN010000001",
                    "chromosome": "1",
                    "genomic_start": 7630,
                    "genomic_end": 7662,
                    "strand": "-",
                    "aligned_sequence_gapped": "ATTTCAATCCACGCACCCCGTGAGGGGT--G---CG--A-C",
                    "vector": "111111111111111111111111111111111",
                    "conservation": "100.00%",
                    "gapped_start": 4,
                    "gapped_end": 44
                },
                {
                    "genome_id": "NZ_JAQKIN010000001",
                    "chromosome": "1",
                    "genomic_start": 7224,
                    "genomic_end": 7255,
                    "strand": "-",
                    "aligned_sequence_gapped": "ATTTCAATCCACGCACCCCGTGAGGGGT--G---CG--A--",
                    "vector": "111111111111111111111111111111110",
                    "conservation": "96.97%",
                    "gapped_start": 4,
                    "gapped_end": 44
                },
                {
                    "genome_id": "NZ_JAQKIM010000005",
                    "chromosome": "1",
                    "genomic_start": 24944,
                    "genomic_end": 24976,
                    "strand": "-",
                    "aligned_sequence_gapped": "ATTTCAATCCACGCACCCCGTGAGGGGT--G---CG--A-C",
                    "vector": "111111111111111111111111111111111",
                    "conservation": "100.00%",
                    "gapped_start": 4,
                    "gapped_end": 44
                },
                {
                    "genome_id": "NZ_JAQKIM010000005",
                    "chromosome": "1",
                    "genomic_start": 24538,
                    "genomic_end": 24569,
                    "strand": "-",
                    "aligned_sequence_gapped": "ATTTCAATCCACGCACCCCGTGAGGGGT--G---CG--A--",
                    "vector": "111111111111111111111111111111110",
                    "conservation": "96.97%",
                    "gapped_start": 4,
                    "gapped_end": 44
                },
                {
                    "genome_id": "NZ_JAQKIQ010000001",
                    "chromosome": "1",
                    "genomic_start": 24537,
                    "genomic_end": 24568,
                    "strand": "+",
                    "aligned_sequence_gapped": "ATTTCAATCCACGCACCCCGTGAGGGGT--G---CG--A--",
                    "vector": "111111111111111111111111111111110",
                    "conservation": "96.97%",
                    "gapped_start": 4,
                    "gapped_end": 44
                },
                {
                    "genome_id": "NZ_JAQKIQ010000001",
                    "chromosome": "1",
                    "genomic_start": 24943,
                    "genomic_end": 24975,
                    "strand": "+",
                    "aligned_sequence_gapped": "ATTTCAATCCACGCACCCCGTGAGGGGT--G---CG--A-C",
                    "vector": "111111111111111111111111111111111",
                    "conservation": "100.00%",
                    "gapped_start": 4,
                    "gapped_end": 44
                },
                {
                    "genome_id": "NZ_JAQKIR010000006",
                    "chromosome": "1",
                    "genomic_start": 28954,
                    "genomic_end": 28986,
                    "strand": "-",
                    "aligned_sequence_gapped": "ATTTCAATCCACGCACCCCGTGAGGGGT--G---CG--A-C",
                    "vector": "111111111111111111111111111111111",
                    "conservation": "100.00%",
                    "gapped_start": 4,
                    "gapped_end": 44
                },
                {
                    "genome_id": "NZ_JAQKIR010000006",
                    "chromosome": "1",
                    "genomic_start": 28548,
                    "genomic_end": 28579,
                    "strand": "-",
                    "aligned_sequence_gapped": "ATTTCAATCCACGCACCCCGTGAGGGGT--G---CG--A--",
                    "vector": "111111111111111111111111111111110",
                    "conservation": "96.97%",
                    "gapped_start": 4,
                    "gapped_end": 44
                },
                {
                    "genome_id": "NZ_JBDOUI010000002",
                    "chromosome": "1",
                    "genomic_start": 24538,
                    "genomic_end": 24569,
                    "strand": "+",
                    "aligned_sequence_gapped": "ATTTCAATCCACGCACCCCGTGAGGGGT--G---CG--A--",
                    "vector": "111111111111111111111111111111110",
                    "conservation": "96.97%",
                    "gapped_start": 4,
                    "gapped_end": 44
                },
                {
                    "genome_id": "NZ_JBDOUI010000002",
                    "chromosome": "1",
                    "genomic_start": 24944,
                    "genomic_end": 24976,
                    "strand": "+",
                    "aligned_sequence_gapped": "ATTTCAATCCACGCACCCCGTGAGGGGT--G---CG--A-C",
                    "vector": "111111111111111111111111111111111",
                    "conservation": "100.00%",
                    "gapped_start": 4,
                    "gapped_end": 44
                },
                {
                    "genome_id": "NZ_JAQKJS010000001",
                    "chromosome": "1",
                    "genomic_start": 24471,
                    "genomic_end": 24502,
                    "strand": "-",
                    "aligned_sequence_gapped": "ATTTCAATCCACGCACCCCGTGAGGGGT--G---CG--A--",
                    "vector": "111111111111111111111111111111110",
                    "conservation": "96.97%",
                    "gapped_start": 4,
                    "gapped_end": 44
                },
                {
                    "genome_id": "NZ_JAQKIO010000011",
                    "chromosome": "1",
                    "genomic_start": 2074,
                    "genomic_end": 2106,
                    "strand": "-",
                    "aligned_sequence_gapped": "ATTTCAATCCACGCACCCCGTGAGGGGT--G---CG--A-C",
                    "vector": "111111111111111111111111111111111",
                    "conservation": "100.00%",
                    "gapped_start": 4,
                    "gapped_end": 44
                },
                {
                    "genome_id": "NZ_QDIX01000042",
                    "chromosome": "1",
                    "genomic_start": 5932,
                    "genomic_end": 5972,
                    "strand": "-",
                    "aligned_sequence_gapped": "ATTTCAATCCACGCACCCCGTGAGGGGTGCGACCCGCCACC",
                    "vector": "111111111111111111111111111100100",
                    "conservation": "87.88%",
                    "gapped_start": 4,
                    "gapped_end": 44
                },
                {
                    "genome_id": "NZ_JADMYI010000002",
                    "chromosome": "1",
                    "genomic_start": 24944,
                    "genomic_end": 24976,
                    "strand": "-",
                    "aligned_sequence_gapped": "ATTTCAATCCACGCACCCCGTGAGGGGT--G---CG--A-C",
                    "vector": "111111111111111111111111111111111",
                    "conservation": "100.00%",
                    "gapped_start": 4,
                    "gapped_end": 44
                },
                {
                    "genome_id": "NZ_JADMYI010000002",
                    "chromosome": "1",
                    "genomic_start": 24538,
                    "genomic_end": 24569,
                    "strand": "-",
                    "aligned_sequence_gapped": "ATTTCAATCCACGCACCCCGTGAGGGGT--G---CG--A--",
                    "vector": "111111111111111111111111111111110",
                    "conservation": "96.97%",
                    "gapped_start": 4,
                    "gapped_end": 44
                },
                {
                    "genome_id": "NZ_JAQKIS010000006",
                    "chromosome": "1",
                    "genomic_start": 1197,
                    "genomic_end": 1229,
                    "strand": "-",
                    "aligned_sequence_gapped": "ATTTCAATCCACGCACCCCGTGAGGGGT--G---CG--A-C",
                    "vector": "111111111111111111111111111111111",
                    "conservation": "100.00%",
                    "gapped_start": 4,
                    "gapped_end": 44
                },
                {
                    "genome_id": "NZ_JAQKIS010000006",
                    "chromosome": "1",
                    "genomic_start": 791,
                    "genomic_end": 822,
                    "strand": "-",
                    "aligned_sequence_gapped": "ATTTCAATCCACGCACCCCGTGAGGGGT--G---CG--A--",
                    "vector": "111111111111111111111111111111110",
                    "conservation": "96.97%",
                    "gapped_start": 4,
                    "gapped_end": 44
                },
                {
                    "genome_id": "NZ_JAQKIT010000002",
                    "chromosome": "1",
                    "genomic_start": 24538,
                    "genomic_end": 24569,
                    "strand": "+",
                    "aligned_sequence_gapped": "ATTTCAATCCACGCACCCCGTGAGGGGT--G---CG--A--",
                    "vector": "111111111111111111111111111111110",
                    "conservation": "96.97%",
                    "gapped_start": 4,
                    "gapped_end": 44
                },
                {
                    "genome_id": "NZ_JAQKIT010000002",
                    "chromosome": "1",
                    "genomic_start": 24944,
                    "genomic_end": 24976,
                    "strand": "+",
                    "aligned_sequence_gapped": "ATTTCAATCCACGCACCCCGTGAGGGGT--G---CG--A-C",
                    "vector": "111111111111111111111111111111111",
                    "conservation": "100.00%",
                    "gapped_start": 4,
                    "gapped_end": 44
                },
                {
                    "genome_id": "NZ_JAQKIU010000003",
                    "chromosome": "1",
                    "genomic_start": 24538,
                    "genomic_end": 24569,
                    "strand": "+",
                    "aligned_sequence_gapped": "ATTTCAATCCACGCACCCCGTGAGGGGT--G---CG--A--",
                    "vector": "111111111111111111111111111111110",
                    "conservation": "96.97%",
                    "gapped_start": 4,
                    "gapped_end": 44
                },
                {
                    "genome_id": "NZ_JAQKIU010000003",
                    "chromosome": "1",
                    "genomic_start": 24944,
                    "genomic_end": 24976,
                    "strand": "+",
                    "aligned_sequence_gapped": "ATTTCAATCCACGCACCCCGTGAGGGGT--G---CG--A-C",
                    "vector": "111111111111111111111111111111111",
                    "conservation": "100.00%",
                    "gapped_start": 4,
                    "gapped_end": 44
                },
                {
                    "genome_id": "NZ_JAQKJM010000002",
                    "chromosome": "1",
                    "genomic_start": 24538,
                    "genomic_end": 24569,
                    "strand": "+",
                    "aligned_sequence_gapped": "ATTTCAATCCACGCACCCCGTGAGGGGT--G---CG--A--",
                    "vector": "111111111111111111111111111111110",
                    "conservation": "96.97%",
                    "gapped_start": 4,
                    "gapped_end": 44
                },
                {
                    "genome_id": "NZ_JAQKJM010000002",
                    "chromosome": "1",
                    "genomic_start": 24944,
                    "genomic_end": 24976,
                    "strand": "+",
                    "aligned_sequence_gapped": "ATTTCAATCCACGCACCCCGTGAGGGGT--G---CG--A-C",
                    "vector": "111111111111111111111111111111111",
                    "conservation": "100.00%",
                    "gapped_start": 4,
                    "gapped_end": 44
                },
                {
                    "genome_id": "NZ_JAQKJJ010000002",
                    "chromosome": "1",
                    "genomic_start": 24539,
                    "genomic_end": 24570,
                    "strand": "+",
                    "aligned_sequence_gapped": "ATTTCAATCCACGCACCCCGTGAGGGGT--G---CG--A--",
                    "vector": "111111111111111111111111111111110",
                    "conservation": "96.97%",
                    "gapped_start": 4,
                    "gapped_end": 44
                },
                {
                    "genome_id": "NZ_JAQKJL010000002",
                    "chromosome": "1",
                    "genomic_start": 24944,
                    "genomic_end": 24976,
                    "strand": "-",
                    "aligned_sequence_gapped": "ATTTCAATCCACGCACCCCGTGAGGGGT--G---CG--A-C",
                    "vector": "111111111111111111111111111111111",
                    "conservation": "100.00%",
                    "gapped_start": 4,
                    "gapped_end": 44
                },
                {
                    "genome_id": "NZ_JAQKJJ010000002",
                    "chromosome": "1",
                    "genomic_start": 24945,
                    "genomic_end": 24977,
                    "strand": "+",
                    "aligned_sequence_gapped": "ATTTCAATCCACGCACCCCGTGAGGGGT--G---CG--A-C",
                    "vector": "111111111111111111111111111111111",
                    "conservation": "100.00%",
                    "gapped_start": 4,
                    "gapped_end": 44
                },
                {
                    "genome_id": "NZ_JAQKJS010000001",
                    "chromosome": "1",
                    "genomic_start": 24877,
                    "genomic_end": 24909,
                    "strand": "-",
                    "aligned_sequence_gapped": "ATTTCAATCCACGCACCCCGTGAGGGGT--G---CG--A-C",
                    "vector": "111111111111111111111111111111111",
                    "conservation": "100.00%",
                    "gapped_start": 4,
                    "gapped_end": 44
                },
                {
                    "genome_id": "NZ_JAQKJN010000001",
                    "chromosome": "1",
                    "genomic_start": 24471,
                    "genomic_end": 24502,
                    "strand": "-",
                    "aligned_sequence_gapped": "ATTTCAATCCACGCACCCCGTGAGGGGT--G---CG--A--",
                    "vector": "111111111111111111111111111111110",
                    "conservation": "96.97%",
                    "gapped_start": 4,
                    "gapped_end": 44
                },
                {
                    "genome_id": "NZ_JAQKJN010000001",
                    "chromosome": "1",
                    "genomic_start": 24877,
                    "genomic_end": 24909,
                    "strand": "-",
                    "aligned_sequence_gapped": "ATTTCAATCCACGCACCCCGTGAGGGGT--G---CG--A-C",
                    "vector": "111111111111111111111111111111111",
                    "conservation": "100.00%",
                    "gapped_start": 4,
                    "gapped_end": 44
                },
                {
                    "genome_id": "NZ_JAQKJT010000002",
                    "chromosome": "1",
                    "genomic_start": 24877,
                    "genomic_end": 24909,
                    "strand": "+",
                    "aligned_sequence_gapped": "ATTTCAATCCACGCACCCCGTGAGGGGT--G---CG--A-C",
                    "vector": "111111111111111111111111111111111",
                    "conservation": "100.00%",
                    "gapped_start": 4,
                    "gapped_end": 44
                },
                {
                    "genome_id": "NZ_JAQKJT010000002",
                    "chromosome": "1",
                    "genomic_start": 24471,
                    "genomic_end": 24502,
                    "strand": "+",
                    "aligned_sequence_gapped": "ATTTCAATCCACGCACCCCGTGAGGGGT--G---CG--A--",
                    "vector": "111111111111111111111111111111110",
                    "conservation": "96.97%",
                    "gapped_start": 4,
                    "gapped_end": 44
                },
                {
                    "genome_id": "NZ_JAQKJR010000002",
                    "chromosome": "1",
                    "genomic_start": 24944,
                    "genomic_end": 24976,
                    "strand": "-",
                    "aligned_sequence_gapped": "ATTTCAATCCACGCACCCCGTGAGGGGT--G---CG--A-C",
                    "vector": "111111111111111111111111111111111",
                    "conservation": "100.00%",
                    "gapped_start": 4,
                    "gapped_end": 44
                },
                {
                    "genome_id": "NZ_JAQKJK010000002",
                    "chromosome": "1",
                    "genomic_start": 24538,
                    "genomic_end": 24569,
                    "strand": "-",
                    "aligned_sequence_gapped": "ATTTCAATCCACGCACCCCGTGAGGGGT--G---CG--A--",
                    "vector": "111111111111111111111111111111110",
                    "conservation": "96.97%",
                    "gapped_start": 4,
                    "gapped_end": 44
                },
                {
                    "genome_id": "NZ_JAQKJK010000002",
                    "chromosome": "1",
                    "genomic_start": 24944,
                    "genomic_end": 24976,
                    "strand": "-",
                    "aligned_sequence_gapped": "ATTTCAATCCACGCACCCCGTGAGGGGT--G---CG--A-C",
                    "vector": "111111111111111111111111111111111",
                    "conservation": "100.00%",
                    "gapped_start": 4,
                    "gapped_end": 44
                },
                {
                    "genome_id": "NZ_JAQKJL010000002",
                    "chromosome": "1",
                    "genomic_start": 24538,
                    "genomic_end": 24569,
                    "strand": "-",
                    "aligned_sequence_gapped": "ATTTCAATCCACGCACCCCGTGAGGGGT--G---CG--A--",
                    "vector": "111111111111111111111111111111110",
                    "conservation": "96.97%",
                    "gapped_start": 4,
                    "gapped_end": 44
                },
                {
                    "genome_id": "NZ_JAQKJR010000002",
                    "chromosome": "1",
                    "genomic_start": 24538,
                    "genomic_end": 24569,
                    "strand": "-",
                    "aligned_sequence_gapped": "ATTTCAATCCACGCACCCCGTGAGGGGT--G---CG--A--",
                    "vector": "111111111111111111111111111111110",
                    "conservation": "96.97%",
                    "gapped_start": 4,
                    "gapped_end": 44
                }
            ]
        }
    },
    {
        "hit_id": "regex_NZ_JAQKIL010000003__ATTTCAATCCACGCACCCCGTGAGGGGTGCGA_28_36_ATTTCAATCCACGCACCCCGTGAGGGGTGCGA__3",
        "reference_genome": "NZ_JAQKIL010000003",
        "chromosome": "1",
        "genomic_start": 24212,
        "genomic_end": 24244,
        "strand": "+",
        "motif_type": "regex",
        "motif_name": "_ATTTCAATCCACGCACCCCGTGAGGGGTGCGA_28_36_ATTTCAATCCACGCACCCCGTGAGGGGTGCGA_",
        "motif_length": 33,
        "gapped_motif": "ATTTCAATCCACGCACCCCGTGA--GG-G-G----T--------GCGAC",
        "gapped_start": 4,
        "gapped_end": 52,
        "ungapped_start": 4,
        "ungapped_end": 36,
        "motif": "ATTTCAATCCACGCACCCCGTGAGGGGTGCGAC",
        "motif_strand": "+",
        "conservation": {
            "value": 90.02,
            "other_genomes": [
                {
                    "genome_id": "NZ_JAQKII010000008",
                    "chromosome": "1",
                    "genomic_start": 20774,
                    "genomic_end": 20822,
                    "strand": "-",
                    "aligned_sequence_gapped": "ATTTCAATCCACGCACCCCGTGAGGGGTGCGACCATCCCCAAGGGCGAC",
                    "vector": "111111111111111111111110011010100",
                    "conservation": "81.82%",
                    "gapped_start": 4,
                    "gapped_end": 52
                },
                {
                    "genome_id": "NZ_JAQKII010000008",
                    "chromosome": "1",
                    "genomic_start": 23868,
                    "genomic_end": 23900,
                    "strand": "-",
                    "aligned_sequence_gapped": "ATTTCAATCCACGCACCCCGTGA--GG-G-G----T--------GCGAC",
                    "vector": "111111111111111111111111111111111",
                    "conservation": "100.00%",
                    "gapped_start": 4,
                    "gapped_end": 52
                },
                {
                    "genome_id": "NZ_JAQKIP010000003",
                    "chromosome": "1",
                    "genomic_start": 23868,
                    "genomic_end": 23900,
                    "strand": "+",
                    "aligned_sequence_gapped": "ATTTCAATCCACGCACCCCGTGA--GG-G-G----T--------GCGAC",
                    "vector": "111111111111111111111111111111111",
                    "conservation": "100.00%",
                    "gapped_start": 4,
                    "gapped_end": 52
                },
                {
                    "genome_id": "NZ_JAQKIP010000003",
                    "chromosome": "1",
                    "genomic_start": 20774,
                    "genomic_end": 20822,
                    "strand": "+",
                    "aligned_sequence_gapped": "ATTTCAATCCACGCACCCCGTGAGGGGTGCGACCATCCCCAAGGGCGAC",
                    "vector": "111111111111111111111110011010100",
                    "conservation": "81.82%",
                    "gapped_start": 4,
                    "gapped_end": 52
                },
                {
                    "genome_id": "NZ_JAQKJQ010000002",
                    "chromosome": "1",
                    "genomic_start": 23868,
                    "genomic_end": 23900,
                    "strand": "+",
                    "aligned_sequence_gapped": "ATTTCAATCCACGCACCCCGTGA--GG-G-G----T--------GCGAC",
                    "vector": "111111111111111111111111111111111",
                    "conservation": "100.00%",
                    "gapped_start": 4,
                    "gapped_end": 52
                },
                {
                    "genome_id": "NZ_JAQKJQ010000002",
                    "chromosome": "1",
                    "genomic_start": 20774,
                    "genomic_end": 20822,
                    "strand": "+",
                    "aligned_sequence_gapped": "ATTTCAATCCACGCACCCCGTGAGGGGTGCGACCATCCCCAAGGGCGAC",
                    "vector": "111111111111111111111110011010100",
                    "conservation": "81.82%",
                    "gapped_start": 4,
                    "gapped_end": 52
                },
                {
                    "genome_id": "NZ_JAQKJP010000002",
                    "chromosome": "1",
                    "genomic_start": 20774,
                    "genomic_end": 20822,
                    "strand": "-",
                    "aligned_sequence_gapped": "ATTTCAATCCACGCACCCCGTGAGGGGTGCGACCATCCCCAAGGGCGAC",
                    "vector": "111111111111111111111110011010100",
                    "conservation": "81.82%",
                    "gapped_start": 4,
                    "gapped_end": 52
                },
                {
                    "genome_id": "NZ_JAQKJP010000002",
                    "chromosome": "1",
                    "genomic_start": 23868,
                    "genomic_end": 23900,
                    "strand": "-",
                    "aligned_sequence_gapped": "ATTTCAATCCACGCACCCCGTGA--GG-G-G----T--------GCGAC",
                    "vector": "111111111111111111111111111111111",
                    "conservation": "100.00%",
                    "gapped_start": 4,
                    "gapped_end": 52
                },
                {
                    "genome_id": "NZ_JAQKJO010000002",
                    "chromosome": "1",
                    "genomic_start": 20774,
                    "genomic_end": 20822,
                    "strand": "-",
                    "aligned_sequence_gapped": "ATTTCAATCCACGCACCCCGTGAGGGGTGCGACCATCCCCAAGGGCGAC",
                    "vector": "111111111111111111111110011010100",
                    "conservation": "81.82%",
                    "gapped_start": 4,
                    "gapped_end": 52
                },
                {
                    "genome_id": "NZ_JAQKJO010000002",
                    "chromosome": "1",
                    "genomic_start": 23868,
                    "genomic_end": 23900,
                    "strand": "-",
                    "aligned_sequence_gapped": "ATTTCAATCCACGCACCCCGTGA--GG-G-G----T--------GCGAC",
                    "vector": "111111111111111111111111111111111",
                    "conservation": "100.00%",
                    "gapped_start": 4,
                    "gapped_end": 52
                },
                {
                    "genome_id": "NZ_JAQKIO010000014",
                    "chromosome": "1",
                    "genomic_start": 20774,
                    "genomic_end": 20822,
                    "strand": "-",
                    "aligned_sequence_gapped": "ATTTCAATCCACGCACCCCGTGAGGGGTGCGACCATCCCCAAGGGCGAC",
                    "vector": "111111111111111111111110011010100",
                    "conservation": "81.82%",
                    "gapped_start": 4,
                    "gapped_end": 52
                },
                {
                    "genome_id": "NZ_JAQKIJ010000004",
                    "chromosome": "1",
                    "genomic_start": 24212,
                    "genomic_end": 24244,
                    "strand": "-",
                    "aligned_sequence_gapped": "ATTTCAATCCACGCACCCCGTGA--GG-G-G----T--------GCGAC",
                    "vector": "111111111111111111111111111111111",
                    "conservation": "100.00%",
                    "gapped_start": 4,
                    "gapped_end": 52
                },
                {
                    "genome_id": "NZ_JAQKIJ010000004",
                    "chromosome": "1",
                    "genomic_start": 21118,
                    "genomic_end": 21166,
                    "strand": "-",
                    "aligned_sequence_gapped": "ATTTCAATCCACGCACCCCGTGAGGGGTGCGACCATCCCCAAGGGCGAC",
                    "vector": "111111111111111111111110011010100",
                    "conservation": "81.82%",
                    "gapped_start": 4,
                    "gapped_end": 52
                },
                {
                    "genome_id": "NZ_JAQKIK010000002",
                    "chromosome": "1",
                    "genomic_start": 23868,
                    "genomic_end": 23900,
                    "strand": "-",
                    "aligned_sequence_gapped": "ATTTCAATCCACGCACCCCGTGA--GG-G-G----T--------GCGAC",
                    "vector": "111111111111111111111111111111111",
                    "conservation": "100.00%",
                    "gapped_start": 4,
                    "gapped_end": 52
                },
                {
                    "genome_id": "NZ_JAQKIK010000002",
                    "chromosome": "1",
                    "genomic_start": 20774,
                    "genomic_end": 20822,
                    "strand": "-",
                    "aligned_sequence_gapped": "ATTTCAATCCACGCACCCCGTGAGGGGTGCGACCATCCCCAAGGGCGAC",
                    "vector": "111111111111111111111110011010100",
                    "conservation": "81.82%",
                    "gapped_start": 4,
                    "gapped_end": 52
                },
                {
                    "genome_id": "NZ_JAQKIN010000001",
                    "chromosome": "1",
                    "genomic_start": 6554,
                    "genomic_end": 6586,
                    "strand": "-",
                    "aligned_sequence_gapped": "ATTTCAATCCACGCACCCCGTGA--GG-G-G----T--------GCGAC",
                    "vector": "111111111111111111111111111111111",
                    "conservation": "100.00%",
                    "gapped_start": 4,
                    "gapped_end": 52
                },
                {
                    "genome_id": "NZ_JAQKIN010000001",
                    "chromosome": "1",
                    "genomic_start": 3460,
                    "genomic_end": 3508,
                    "strand": "-",
                    "aligned_sequence_gapped": "ATTTCAATCCACGCACCCCGTGAGGGGTGCGACCATCCCCAAGGGCGAC",
                    "vector": "111111111111111111111110011010100",
                    "conservation": "81.82%",
                    "gapped_start": 4,
                    "gapped_end": 52
                },
                {
                    "genome_id": "NZ_JAQKIM010000005",
                    "chromosome": "1",
                    "genomic_start": 23868,
                    "genomic_end": 23900,
                    "strand": "-",
                    "aligned_sequence_gapped": "ATTTCAATCCACGCACCCCGTGA--GG-G-G----T--------GCGAC",
                    "vector": "111111111111111111111111111111111",
                    "conservation": "100.00%",
                    "gapped_start": 4,
                    "gapped_end": 52
                },
                {
                    "genome_id": "NZ_JAQKIM010000005",
                    "chromosome": "1",
                    "genomic_start": 20774,
                    "genomic_end": 20822,
                    "strand": "-",
                    "aligned_sequence_gapped": "ATTTCAATCCACGCACCCCGTGAGGGGTGCGACCATCCCCAAGGGCGAC",
                    "vector": "111111111111111111111110011010100",
                    "conservation": "81.82%",
                    "gapped_start": 4,
                    "gapped_end": 52
                },
                {
                    "genome_id": "NZ_JAQKIQ010000001",
                    "chromosome": "1",
                    "genomic_start": 20773,
                    "genomic_end": 20821,
                    "strand": "+",
                    "aligned_sequence_gapped": "ATTTCAATCCACGCACCCCGTGAGGGGTGCGACCATCCCCAAGGGCGAC",
                    "vector": "111111111111111111111110011010100",
                    "conservation": "81.82%",
                    "gapped_start": 4,
                    "gapped_end": 52
                },
                {
                    "genome_id": "NZ_JAQKIQ010000001",
                    "chromosome": "1",
                    "genomic_start": 23867,
                    "genomic_end": 23899,
                    "strand": "+",
                    "aligned_sequence_gapped": "ATTTCAATCCACGCACCCCGTGA--GG-G-G----T--------GCGAC",
                    "vector": "111111111111111111111111111111111",
                    "conservation": "100.00%",
                    "gapped_start": 4,
                    "gapped_end": 52
                },
                {
                    "genome_id": "NZ_JAQKIR010000006",
                    "chromosome": "1",
                    "genomic_start": 27878,
                    "genomic_end": 27910,
                    "strand": "-",
                    "aligned_sequence_gapped": "ATTTCAATCCACGCACCCCGTGA--GG-G-G----T--------GCGAC",
                    "vector": "111111111111111111111111111111111",
                    "conservation": "100.00%",
                    "gapped_start": 4,
                    "gapped_end": 52
                },
                {
                    "genome_id": "NZ_JAQKIR010000006",
                    "chromosome": "1",
                    "genomic_start": 24918,
                    "genomic_end": 24966,
                    "strand": "-",
                    "aligned_sequence_gapped": "ATTTCAATCCACGCACCCCGTGAGGGGTGCGACCATCCCCAAGGGCGAC",
                    "vector": "111111111111111111111110011010100",
                    "conservation": "81.82%",
                    "gapped_start": 4,
                    "gapped_end": 52
                },
                {
                    "genome_id": "NZ_JBDOUI010000002",
                    "chromosome": "1",
                    "genomic_start": 20774,
                    "genomic_end": 20822,
                    "strand": "+",
                    "aligned_sequence_gapped": "ATTTCAATCCACGCACCCCGTGAGGGGTGCGACCATCCCCAAGGGCGAC",
                    "vector": "111111111111111111111110011010100",
                    "conservation": "81.82%",
                    "gapped_start": 4,
                    "gapped_end": 52
                },
                {
                    "genome_id": "NZ_JBDOUI010000002",
                    "chromosome": "1",
                    "genomic_start": 23868,
                    "genomic_end": 23900,
                    "strand": "+",
                    "aligned_sequence_gapped": "ATTTCAATCCACGCACCCCGTGA--GG-G-G----T--------GCGAC",
                    "vector": "111111111111111111111111111111111",
                    "conservation": "100.00%",
                    "gapped_start": 4,
                    "gapped_end": 52
                },
                {
                    "genome_id": "NZ_JAQKJS010000001",
                    "chromosome": "1",
                    "genomic_start": 20774,
                    "genomic_end": 20822,
                    "strand": "-",
                    "aligned_sequence_gapped": "ATTTCAATCCACGCACCCCGTGAGGGGTGCGACCATCCCCAAGGGCGAC",
                    "vector": "111111111111111111111110011010100",
                    "conservation": "81.82%",
                    "gapped_start": 4,
                    "gapped_end": 52
                },
                {
                    "genome_id": "NZ_JAQKIO010000011",
                    "chromosome": "1",
                    "genomic_start": 998,
                    "genomic_end": 1030,
                    "strand": "-",
                    "aligned_sequence_gapped": "ATTTCAATCCACGCACCCCGTGA--GG-G-G----T--------GCGAC",
                    "vector": "111111111111111111111111111111111",
                    "conservation": "100.00%",
                    "gapped_start": 4,
                    "gapped_end": 52
                },
                {
                    "genome_id": "NZ_JADMYI010000002",
                    "chromosome": "1",
                    "genomic_start": 23868,
                    "genomic_end": 23900,
                    "strand": "-",
                    "aligned_sequence_gapped": "ATTTCAATCCACGCACCCCGTGA--GG-G-G----T--------GCGAC",
                    "vector": "111111111111111111111111111111111",
                    "conservation": "100.00%",
                    "gapped_start": 4,
                    "gapped_end": 52
                },
                {
                    "genome_id": "NZ_JADMYI010000002",
                    "chromosome": "1",
                    "genomic_start": 20774,
                    "genomic_end": 20822,
                    "strand": "-",
                    "aligned_sequence_gapped": "ATTTCAATCCACGCACCCCGTGAGGGGTGCGACCATCCCCAAGGGCGAC",
                    "vector": "111111111111111111111110011010100",
                    "conservation": "81.82%",
                    "gapped_start": 4,
                    "gapped_end": 52
                },
                {
                    "genome_id": "NZ_JACTOD010000009",
                    "chromosome": "1",
                    "genomic_start": 25673,
                    "genomic_end": 25705,
                    "strand": "+",
                    "aligned_sequence_gapped": "GGTGCGACGCACCAATGGCGT-A--CGTGC-----T--------TTGTT",
                    "vector": "001010100111001000111010101001001",
                    "conservation": "45.45%",
                    "gapped_start": 4,
                    "gapped_end": 52
                },
                {
                    "genome_id": "NZ_JAQKIS010000013",
                    "chromosome": "1",
                    "genomic_start": 21118,
                    "genomic_end": 21166,
                    "strand": "-",
                    "aligned_sequence_gapped": "ATTTCAATCCACGCACCCCGTGAGGGGTGCGACCATCCCCAAGGGCGAC",
                    "vector": "111111111111111111111110011010100",
                    "conservation": "81.82%",
                    "gapped_start": 4,
                    "gapped_end": 52
                },
                {
                    "genome_id": "NZ_JAQKIS010000006",
                    "chromosome": "1",
                    "genomic_start": 121,
                    "genomic_end": 153,
                    "strand": "-",
                    "aligned_sequence_gapped": "ATTTCAATCCACGCACCCCGTGA--GG-G-G----T--------GCGAC",
                    "vector": "111111111111111111111111111111111",
                    "conservation": "100.00%",
                    "gapped_start": 4,
                    "gapped_end": 52
                },
                {
                    "genome_id": "NZ_JAQKIT010000002",
                    "chromosome": "1",
                    "genomic_start": 20774,
                    "genomic_end": 20822,
                    "strand": "+",
                    "aligned_sequence_gapped": "ATTTCAATCCACGCACCCCGTGAGGGGTGCGACCATCCCCAAGGGCGAC",
                    "vector": "111111111111111111111110011010100",
                    "conservation": "81.82%",
                    "gapped_start": 4,
                    "gapped_end": 52
                },
                {
                    "genome_id": "NZ_JAQKIT010000002",
                    "chromosome": "1",
                    "genomic_start": 23868,
                    "genomic_end": 23900,
                    "strand": "+",
                    "aligned_sequence_gapped": "ATTTCAATCCACGCACCCCGTGA--GG-G-G----T--------GCGAC",
                    "vector": "111111111111111111111111111111111",
                    "conservation": "100.00%",
                    "gapped_start": 4,
                    "gapped_end": 52
                },
                {
                    "genome_id": "NZ_JAQKIU010000003",
                    "chromosome": "1",
                    "genomic_start": 20774,
                    "genomic_end": 20822,
                    "strand": "+",
                    "aligned_sequence_gapped": "ATTTCAATCCACGCACCCCGTGAGGGGTGCGACCATCCCCAAGGGCGAC",
                    "vector": "111111111111111111111110011010100",
                    "conservation": "81.82%",
                    "gapped_start": 4,
                    "gapped_end": 52
                },
                {
                    "genome_id": "NZ_JAQKIU010000003",
                    "chromosome": "1",
                    "genomic_start": 23868,
                    "genomic_end": 23900,
                    "strand": "+",
                    "aligned_sequence_gapped": "ATTTCAATCCACGCACCCCGTGA--GG-G-G----T--------GCGAC",
                    "vector": "111111111111111111111111111111111",
                    "conservation": "100.00%",
                    "gapped_start": 4,
                    "gapped_end": 52
                },
                {
                    "genome_id": "NZ_JAQKJM010000002",
                    "chromosome": "1",
                    "genomic_start": 20774,
                    "genomic_end": 20822,
                    "strand": "+",
                    "aligned_sequence_gapped": "ATTTCAATCCACGCACCCCGTGAGGGGTGCGACCATCCCCAAGGGCGAC",
                    "vector": "111111111111111111111110011010100",
                    "conservation": "81.82%",
                    "gapped_start": 4,
                    "gapped_end": 52
                },
                {
                    "genome_id": "NZ_JAQKJM010000002",
                    "chromosome": "1",
                    "genomic_start": 23868,
                    "genomic_end": 23900,
                    "strand": "+",
                    "aligned_sequence_gapped": "ATTTCAATCCACGCACCCCGTGA--GG-G-G----T--------GCGAC",
                    "vector": "111111111111111111111111111111111",
                    "conservation": "100.00%",
                    "gapped_start": 4,
                    "gapped_end": 52
                },
                {
                    "genome_id": "NZ_JAQKJJ010000002",
                    "chromosome": "1",
                    "genomic_start": 20775,
                    "genomic_end": 20823,
                    "strand": "+",
                    "aligned_sequence_gapped": "ATTTCAATCCACGCACCCCGTGAGGGGTGCGACCATCCCCAAGGGCGAC",
                    "vector": "111111111111111111111110011010100",
                    "conservation": "81.82%",
                    "gapped_start": 4,
                    "gapped_end": 52
                },
                {
                    "genome_id": "NZ_JAQKJL010000002",
                    "chromosome": "1",
                    "genomic_start": 23868,
                    "genomic_end": 23900,
                    "strand": "-",
                    "aligned_sequence_gapped": "ATTTCAATCCACGCACCCCGTGA--GG-G-G----T--------GCGAC",
                    "vector": "111111111111111111111111111111111",
                    "conservation": "100.00%",
                    "gapped_start": 4,
                    "gapped_end": 52
                },
                {
                    "genome_id": "NZ_JAQKJJ010000002",
                    "chromosome": "1",
                    "genomic_start": 23869,
                    "genomic_end": 23901,
                    "strand": "+",
                    "aligned_sequence_gapped": "ATTTCAATCCACGCACCCCGTGA--GG-G-G----T--------GCGAC",
                    "vector": "111111111111111111111111111111111",
                    "conservation": "100.00%",
                    "gapped_start": 4,
                    "gapped_end": 52
                },
                {
                    "genome_id": "NZ_JAQKJS010000001",
                    "chromosome": "1",
                    "genomic_start": 23868,
                    "genomic_end": 23900,
                    "strand": "-",
                    "aligned_sequence_gapped": "ATTTCAATCCACGCACCCCGTGA--GG-G-G----T--------GCGAC",
                    "vector": "111111111111111111111111111111111",
                    "conservation": "100.00%",
                    "gapped_start": 4,
                    "gapped_end": 52
                },
                {
                    "genome_id": "NZ_JAQKJN010000001",
                    "chromosome": "1",
                    "genomic_start": 20774,
                    "genomic_end": 20822,
                    "strand": "-",
                    "aligned_sequence_gapped": "ATTTCAATCCACGCACCCCGTGAGGGGTGCGACCATCCCCAAGGGCGAC",
                    "vector": "111111111111111111111110011010100",
                    "conservation": "81.82%",
                    "gapped_start": 4,
                    "gapped_end": 52
                },
                {
                    "genome_id": "NZ_JAQKJN010000001",
                    "chromosome": "1",
                    "genomic_start": 23868,
                    "genomic_end": 23900,
                    "strand": "-",
                    "aligned_sequence_gapped": "ATTTCAATCCACGCACCCCGTGA--GG-G-G----T--------GCGAC",
                    "vector": "111111111111111111111111111111111",
                    "conservation": "100.00%",
                    "gapped_start": 4,
                    "gapped_end": 52
                },
                {
                    "genome_id": "NZ_JAQKJT010000002",
                    "chromosome": "1",
                    "genomic_start": 23868,
                    "genomic_end": 23900,
                    "strand": "+",
                    "aligned_sequence_gapped": "ATTTCAATCCACGCACCCCGTGA--GG-G-G----T--------GCGAC",
                    "vector": "111111111111111111111111111111111",
                    "conservation": "100.00%",
                    "gapped_start": 4,
                    "gapped_end": 52
                },
                {
                    "genome_id": "NZ_JAQKJT010000002",
                    "chromosome": "1",
                    "genomic_start": 20774,
                    "genomic_end": 20822,
                    "strand": "+",
                    "aligned_sequence_gapped": "ATTTCAATCCACGCACCCCGTGAGGGGTGCGACCATCCCCAAGGGCGAC",
                    "vector": "111111111111111111111110011010100",
                    "conservation": "81.82%",
                    "gapped_start": 4,
                    "gapped_end": 52
                },
                {
                    "genome_id": "NZ_JAQKJR010000002",
                    "chromosome": "1",
                    "genomic_start": 20774,
                    "genomic_end": 20822,
                    "strand": "-",
                    "aligned_sequence_gapped": "ATTTCAATCCACGCACCCCGTGAGGGGTGCGACCATCCCCAAGGGCGAC",
                    "vector": "111111111111111111111110011010100",
                    "conservation": "81.82%",
                    "gapped_start": 4,
                    "gapped_end": 52
                },
                {
                    "genome_id": "NZ_JAQKJR010000002",
                    "chromosome": "1",
                    "genomic_start": 23868,
                    "genomic_end": 23900,
                    "strand": "-",
                    "aligned_sequence_gapped": "ATTTCAATCCACGCACCCCGTGA--GG-G-G----T--------GCGAC",
                    "vector": "111111111111111111111111111111111",
                    "conservation": "100.00%",
                    "gapped_start": 4,
                    "gapped_end": 52
                },
                {
                    "genome_id": "NZ_JAQKJK010000002",
                    "chromosome": "1",
                    "genomic_start": 20774,
                    "genomic_end": 20822,
                    "strand": "-",
                    "aligned_sequence_gapped": "ATTTCAATCCACGCACCCCGTGAGGGGTGCGACCATCCCCAAGGGCGAC",
                    "vector": "111111111111111111111110011010100",
                    "conservation": "81.82%",
                    "gapped_start": 4,
                    "gapped_end": 52
                },
                {
                    "genome_id": "NZ_JAQKJK010000002",
                    "chromosome": "1",
                    "genomic_start": 23868,
                    "genomic_end": 23900,
                    "strand": "-",
                    "aligned_sequence_gapped": "ATTTCAATCCACGCACCCCGTGA--GG-G-G----T--------GCGAC",
                    "vector": "111111111111111111111111111111111",
                    "conservation": "100.00%",
                    "gapped_start": 4,
                    "gapped_end": 52
                },
                {
                    "genome_id": "NZ_JAQKJL010000002",
                    "chromosome": "1",
                    "genomic_start": 20774,
                    "genomic_end": 20822,
                    "strand": "-",
                    "aligned_sequence_gapped": "ATTTCAATCCACGCACCCCGTGAGGGGTGCGACCATCCCCAAGGGCGAC",
                    "vector": "111111111111111111111110011010100",
                    "conservation": "81.82%",
                    "gapped_start": 4,
                    "gapped_end": 52
                }
            ]
        }
    }
]