[
    {
        "hit_id": "regex_NZ_JAQKJM010000002__ATTTCAATCCACGCACCCCGTGAGGGGTGCGA_28_36_ATTTCAATCCACGCACCCCGTGAGGGGTGCGA__rc_56",
        "reference_genome": "NZ_JAQKJM010000002",
        "chromosome": "1",
        "genomic_start": 539934,
        "genomic_end": 539966,
        "strand": "-",
        "motif_type": "regex",
        "motif_name": "_ATTTCAATCCACGCACCCCGTGAGGGGTGCGA_28_36_ATTTCAATCCACGCACCCCGTGAGGGGTGCGA_",
        "motif_length": 33,
        "gapped_motif": "GTCGCACCCCTCACGGGGTGCGTGGATTGAAAT",
        "gapped_start": 57,
        "gapped_end": 89,
        "ungapped_start": 57,
        "ungapped_end": 89,
        "motif": "ATTTCAATCCACGCACCCCGTGAGGGGTGCGAC",
        "motif_strand": "+",
        "conservation": {
            "value": 100.0,
            "other_genomes": [
                {
                    "genome_id": "NZ_JBDOUI010000002",
                    "chromosome": "1",
                    "genomic_start": 539797,
                    "genomic_end": 539829,
                    "strand": "-",
                    "aligned_sequence_gapped": "GTCGCACCCCTCACGGGGTGCGTGGATTGAAAT",
                    "vector": "111111111111111111111111111111111",
                    "conservation": "100.00%",
                    "gapped_start": 57,
                    "gapped_end": 89
                },
                {
                    "genome_id": "NZ_JAQKIQ010000001",
                    "chromosome": "1",
                    "genomic_start": 539796,
                    "genomic_end": 539828,
                    "strand": "-",
                    "aligned_sequence_gapped": "GTCGCACCCCTCACGGGGTGCGTGGATTGAAAT",
                    "vector": "111111111111111111111111111111111",
                    "conservation": "100.00%",
                    "gapped_start": 57,
                    "gapped_end": 89
                },
                {
                    "genome_id": "NZ_JAQKIL010000003",
                    "chromosome": "1",
                    "genomic_start": 153239,
                    "genomic_end": 153271,
                    "strand": "-",
                    "aligned_sequence_gapped": "GTCGCACCCCTCACGGGGTGCGTGGATTGAAAT",
                    "vector": "111111111111111111111111111111111",
                    "conservation": "100.00%",
                    "gapped_start": 57,
                    "gapped_end": 89
                },
                {
                    "genome_id": "NZ_JAQKIP010000003",
                    "chromosome": "1",
                    "genomic_start": 384629,
                    "genomic_end": 384661,
                    "strand": "-",
                    "aligned_sequence_gapped": "GTCGCACCCCTCACGGGGTGCGTGGATTGAAAT",
                    "vector": "111111111111111111111111111111111",
                    "conservation": "100.00%",
                    "gapped_start": 57,
                    "gapped_end": 89
                },
                {
                    "genome_id": "NZ_JAQKJQ010000002",
                    "chromosome": "1",
                    "genomic_start": 540081,
                    "genomic_end": 540113,
                    "strand": "-",
                    "aligned_sequence_gapped": "GTCGCACCCCTCACGGGGTGCGTGGATTGAAAT",
                    "vector": "111111111111111111111111111111111",
                    "conservation": "100.00%",
                    "gapped_start": 57,
                    "gapped_end": 89
                },
                {
                    "genome_id": "NZ_JAQKJT010000002",
                    "chromosome": "1",
                    "genomic_start": 539941,
                    "genomic_end": 539973,
                    "strand": "-",
                    "aligned_sequence_gapped": "GTCGCACCCCTCACGGGGTGCGTGGATTGAAAT",
                    "vector": "111111111111111111111111111111111",
                    "conservation": "100.00%",
                    "gapped_start": 57,
                    "gapped_end": 89
                },
                {
                    "genome_id": "NZ_JAQKJJ010000002",
                    "chromosome": "1",
                    "genomic_start": 539938,
                    "genomic_end": 539970,
                    "strand": "-",
                    "aligned_sequence_gapped": "GTCGCACCCCTCACGGGGTGCGTGGATTGAAAT",
                    "vector": "111111111111111111111111111111111",
                    "conservation": "100.00%",
                    "gapped_start": 57,
                    "gapped_end": 89
                },
                {
                    "genome_id": "NZ_JAQKIU010000003",
                    "chromosome": "1",
                    "genomic_start": 215612,
                    "genomic_end": 215644,
                    "strand": "-",
                    "aligned_sequence_gapped": "GTCGCACCCCTCACGGGGTGCGTGGATTGAAAT",
                    "vector": "111111111111111111111111111111111",
                    "conservation": "100.00%",
                    "gapped_start": 57,
                    "gapped_end": 89
                },
                {
                    "genome_id": "NZ_JAQKIT010000002",
                    "chromosome": "1",
                    "genomic_start": 539797,
                    "genomic_end": 539829,
                    "strand": "-",
                    "aligned_sequence_gapped": "GTCGCACCCCTCACGGGGTGCGTGGATTGAAAT",
                    "vector": "111111111111111111111111111111111",
                    "conservation": "100.00%",
                    "gapped_start": 57,
                    "gapped_end": 89
                }
            ]
        }
    }
]