[
    {
        "hit_id": "regex_NZ_JBDOUI010000002__ATTTCAATCCACGCACCCCGTGAGGGGTGCGA_28_36_ATTTCAATCCACGCACCCCGTGAGGGGTGCGA__rc_28",
        "reference_genome": "NZ_JBDOUI010000002",
        "chromosome": "1",
        "genomic_start": 541074,
        "genomic_end": 541106,
        "strand": "-",
        "motif_type": "regex",
        "motif_name": "_ATTTCAATCCACGCACCCCGTGAGGGGTGCGA_28_36_ATTTCAATCCACGCACCCCGTGAGGGGTGCGA_",
        "motif_length": 33,
        "gapped_motif": "GTCGCACCCCTCACGGGGTGCGTGGATTGAAAT",
        "gapped_start": 29,
        "gapped_end": 61,
        "ungapped_start": 29,
        "ungapped_end": 61,
        "motif": "ATTTCAATCCACGCACCCCGTGAGGGGTGCGAC",
        "motif_strand": "+",
        "conservation": {
            "value": 100.0,
            "other_genomes": [
                {
                    "genome_id": "NZ_JAQKIQ010000001",
                    "chromosome": "1",
                    "genomic_start": 541073,
                    "genomic_end": 541105,
                    "strand": "-",
                    "aligned_sequence_gapped": "GTCGCACCCCTCACGGGGTGCGTGGATTGAAAT",
                    "vector": "111111111111111111111111111111111",
                    "conservation": "100.00%",
                    "gapped_start": 29,
                    "gapped_end": 61
                },
                {
                    "genome_id": "NZ_JAQKIL010000003",
                    "chromosome": "1",
                    "genomic_start": 154516,
                    "genomic_end": 154548,
                    "strand": "-",
                    "aligned_sequence_gapped": "GTCGCACCCCTCACGGGGTGCGTGGATTGAAAT",
                    "vector": "111111111111111111111111111111111",
                    "conservation": "100.00%",
                    "gapped_start": 29,
                    "gapped_end": 61
                },
                {
                    "genome_id": "NZ_JAQKIP010000003",
                    "chromosome": "1",
                    "genomic_start": 385906,
                    "genomic_end": 385938,
                    "strand": "-",
                    "aligned_sequence_gapped": "GTCGCACCCCTCACGGGGTGCGTGGATTGAAAT",
                    "vector": "111111111111111111111111111111111",
                    "conservation": "100.00%",
                    "gapped_start": 29,
                    "gapped_end": 61
                },
                {
                    "genome_id": "NZ_JAQKJQ010000002",
                    "chromosome": "1",
                    "genomic_start": 541358,
                    "genomic_end": 541390,
                    "strand": "-",
                    "aligned_sequence_gapped": "GTCGCACCCCTCACGGGGTGCGTGGATTGAAAT",
                    "vector": "111111111111111111111111111111111",
                    "conservation": "100.00%",
                    "gapped_start": 29,
                    "gapped_end": 61
                },
                {
                    "genome_id": "NZ_JAQKJJ010000002",
                    "chromosome": "1",
                    "genomic_start": 541215,
                    "genomic_end": 541247,
                    "strand": "-",
                    "aligned_sequence_gapped": "GTCGCACCCCTCACGGGGTGCGTGGATTGAAAT",
                    "vector": "111111111111111111111111111111111",
                    "conservation": "100.00%",
                    "gapped_start": 29,
                    "gapped_end": 61
                },
                {
                    "genome_id": "NZ_JAQKJM010000002",
                    "chromosome": "1",
                    "genomic_start": 541211,
                    "genomic_end": 541243,
                    "strand": "-",
                    "aligned_sequence_gapped": "GTCGCACCCCTCACGGGGTGCGTGGATTGAAAT",
                    "vector": "111111111111111111111111111111111",
                    "conservation": "100.00%",
                    "gapped_start": 29,
                    "gapped_end": 61
                },
                {
                    "genome_id": "NZ_JAQKIU010000003",
                    "chromosome": "1",
                    "genomic_start": 216889,
                    "genomic_end": 216921,
                    "strand": "-",
                    "aligned_sequence_gapped": "GTCGCACCCCTCACGGGGTGCGTGGATTGAAAT",
                    "vector": "111111111111111111111111111111111",
                    "conservation": "100.00%",
                    "gapped_start": 29,
                    "gapped_end": 61
                },
                {
                    "genome_id": "NZ_JAQKIT010000002",
                    "chromosome": "1",
                    "genomic_start": 541074,
                    "genomic_end": 541106,
                    "strand": "-",
                    "aligned_sequence_gapped": "GTCGCACCCCTCACGGGGTGCGTGGATTGAAAT",
                    "vector": "111111111111111111111111111111111",
                    "conservation": "100.00%",
                    "gapped_start": 29,
                    "gapped_end": 61
                },
                {
                    "genome_id": "NZ_JAQKJT010000002",
                    "chromosome": "1",
                    "genomic_start": 541083,
                    "genomic_end": 541115,
                    "strand": "-",
                    "aligned_sequence_gapped": "GTCGCACCCCTCACGGGGTGCGTGGATTGAAAT",
                    "vector": "111111111111111111111111111111111",
                    "conservation": "100.00%",
                    "gapped_start": 29,
                    "gapped_end": 61
                }
            ]
        }
    }
]