[
    {
        "hit_id": "regex_NZ_JAQCTT010000010__ATTTCAATCCACGCACCCCGTGAGGGGTGCGA_28_36_ATTTCAATCCACGCACCCCGTGAGGGGTGCGA__rc_162",
        "reference_genome": "NZ_JAQCTT010000010",
        "chromosome": "1",
        "genomic_start": 79626,
        "genomic_end": 79658,
        "strand": "-",
        "motif_type": "regex",
        "motif_name": "_ATTTCAATCCACGCACCCCGTGAGGGGTGCGA_28_36_ATTTCAATCCACGCACCCCGTGAGGGGTGCGA_",
        "motif_length": 33,
        "gapped_motif": "GTCGCACCCCTCACGGGGTGCGTGGATTGAAAT",
        "gapped_start": 164,
        "gapped_end": 196,
        "ungapped_start": 163,
        "ungapped_end": 195,
        "motif": "ATTTCAATCCACGCACCCCGTGAGGGGTGCGAC",
        "motif_strand": "+",
        "conservation": {
            "value": 99.86,
            "other_genomes": [
                {
                    "genome_id": "NZ_JAQFDS010000014",
                    "chromosome": "1",
                    "genomic_start": 14532,
                    "genomic_end": 14564,
                    "strand": "-",
                    "aligned_sequence_gapped": "GTCGCACCCCTCACGGGGTGCGTGGATTGAAAT",
                    "vector": "111111111111111111111111111111111",
                    "conservation": "100.00%",
                    "gapped_start": 164,
                    "gapped_end": 196
                },
                {
                    "genome_id": "NZ_JAQFDG010000011",
                    "chromosome": "1",
                    "genomic_start": 74954,
                    "genomic_end": 74986,
                    "strand": "-",
                    "aligned_sequence_gapped": "GTCGCACCCCTCACGGGGTGCGTGGATTGGAAT",
                    "vector": "111111111111111111111111111110111",
                    "conservation": "96.97%",
                    "gapped_start": 164,
                    "gapped_end": 196
                },
                {
                    "genome_id": "NZ_JAQFBW010000004",
                    "chromosome": "1",
                    "genomic_start": 206135,
                    "genomic_end": 206167,
                    "strand": "-",
                    "aligned_sequence_gapped": "GTCGCACCCCTCACGGGGTGCGTGGATTGAAAT",
                    "vector": "111111111111111111111111111111111",
                    "conservation": "100.00%",
                    "gapped_start": 164,
                    "gapped_end": 196
                },
                {
                    "genome_id": "NZ_JAQEZZ010000010",
                    "chromosome": "1",
                    "genomic_start": 71081,
                    "genomic_end": 71113,
                    "strand": "-",
                    "aligned_sequence_gapped": "GTCGCACCCCTCACGGGGTGCGTGGATTGGAAT",
                    "vector": "111111111111111111111111111110111",
                    "conservation": "96.97%",
                    "gapped_start": 164,
                    "gapped_end": 196
                },
                {
                    "genome_id": "NZ_JAQEXC010000009",
                    "chromosome": "1",
                    "genomic_start": 3292,
                    "genomic_end": 3324,
                    "strand": "+",
                    "aligned_sequence_gapped": "GTCGCACCCCTCACGGGGTGCGTGGATTGAAAT",
                    "vector": "111111111111111111111111111111111",
                    "conservation": "100.00%",
                    "gapped_start": 164,
                    "gapped_end": 196
                },
                {
                    "genome_id": "NZ_JAQEWT010000008",
                    "chromosome": "1",
                    "genomic_start": 3286,
                    "genomic_end": 3318,
                    "strand": "+",
                    "aligned_sequence_gapped": "GTCGCACCCCTCACGGGGTGCGTGGATTGAAAT",
                    "vector": "111111111111111111111111111111111",
                    "conservation": "100.00%",
                    "gapped_start": 164,
                    "gapped_end": 196
                },
                {
                    "genome_id": "NZ_JAQKJD010000004",
                    "chromosome": "1",
                    "genomic_start": 126792,
                    "genomic_end": 126824,
                    "strand": "-",
                    "aligned_sequence_gapped": "GTCGCACCCCTCACGGGGTGCGTGGATTGAAAT",
                    "vector": "111111111111111111111111111111111",
                    "conservation": "100.00%",
                    "gapped_start": 164,
                    "gapped_end": 196
                },
                {
                    "genome_id": "NZ_JAQKHS010000001",
                    "chromosome": "1",
                    "genomic_start": 351857,
                    "genomic_end": 351889,
                    "strand": "+",
                    "aligned_sequence_gapped": "GTCGCACCCCTCACGGGGTGCGTGGATTGAAAT",
                    "vector": "111111111111111111111111111111111",
                    "conservation": "100.00%",
                    "gapped_start": 164,
                    "gapped_end": 196
                },
                {
                    "genome_id": "NZ_JAKEYX010000027",
                    "chromosome": "1",
                    "genomic_start": 9080,
                    "genomic_end": 9112,
                    "strand": "-",
                    "aligned_sequence_gapped": "GTCGCACCCCTCACGGGGTGCGTGGATTGAAAT",
                    "vector": "111111111111111111111111111111111",
                    "conservation": "100.00%",
                    "gapped_start": 164,
                    "gapped_end": 196
                },
                {
                    "genome_id": "NZ_JAKEYV010000028",
                    "chromosome": "1",
                    "genomic_start": 9074,
                    "genomic_end": 9106,
                    "strand": "-",
                    "aligned_sequence_gapped": "GTCGCACCCCTCACGGGGTGCGTGGATTGAAAT",
                    "vector": "111111111111111111111111111111111",
                    "conservation": "100.00%",
                    "gapped_start": 164,
                    "gapped_end": 196
                },
                {
                    "genome_id": "NZ_JBDMTY010000011",
                    "chromosome": "1",
                    "genomic_start": 30774,
                    "genomic_end": 30806,
                    "strand": "+",
                    "aligned_sequence_gapped": "GTCGCACCCCTCACGGGGTGCGTGGATTGAAAT",
                    "vector": "111111111111111111111111111111111",
                    "conservation": "100.00%",
                    "gapped_start": 164,
                    "gapped_end": 196
                },
                {
                    "genome_id": "NZ_JBDMTZ010000009",
                    "chromosome": "1",
                    "genomic_start": 52845,
                    "genomic_end": 52877,
                    "strand": "+",
                    "aligned_sequence_gapped": "GTCGCACCCCTCACGGGGTGCGTGGATTGAAAT",
                    "vector": "111111111111111111111111111111111",
                    "conservation": "100.00%",
                    "gapped_start": 164,
                    "gapped_end": 196
                },
                {
                    "genome_id": "NZ_JBDOTW010000005",
                    "chromosome": "1",
                    "genomic_start": 110582,
                    "genomic_end": 110614,
                    "strand": "+",
                    "aligned_sequence_gapped": "GTCGCACCCCTCACGGGGTGCGTGGATTGAAAT",
                    "vector": "111111111111111111111111111111111",
                    "conservation": "100.00%",
                    "gapped_start": 164,
                    "gapped_end": 196
                },
                {
                    "genome_id": "NZ_JBDOTX010000002",
                    "chromosome": "1",
                    "genomic_start": 223490,
                    "genomic_end": 223522,
                    "strand": "+",
                    "aligned_sequence_gapped": "GTCGCACCCCTCACGGGGTGCGTGGATTGAAAT",
                    "vector": "111111111111111111111111111111111",
                    "conservation": "100.00%",
                    "gapped_start": 164,
                    "gapped_end": 196
                },
                {
                    "genome_id": "NZ_JBDOTY010000009",
                    "chromosome": "1",
                    "genomic_start": 45870,
                    "genomic_end": 45902,
                    "strand": "-",
                    "aligned_sequence_gapped": "GTCGCACCCCTCACGGGGTGCGTGGATTGAAAT",
                    "vector": "111111111111111111111111111111111",
                    "conservation": "100.00%",
                    "gapped_start": 164,
                    "gapped_end": 196
                },
                {
                    "genome_id": "NZ_JBDOUJ010000005",
                    "chromosome": "1",
                    "genomic_start": 126791,
                    "genomic_end": 126823,
                    "strand": "-",
                    "aligned_sequence_gapped": "GTCGCACCCCTCACGGGGTGCGTGGATTGAAAT",
                    "vector": "111111111111111111111111111111111",
                    "conservation": "100.00%",
                    "gapped_start": 164,
                    "gapped_end": 196
                },
                {
                    "genome_id": "NZ_JBDXSJ010000003",
                    "chromosome": "1",
                    "genomic_start": 120165,
                    "genomic_end": 120197,
                    "strand": "-",
                    "aligned_sequence_gapped": "GTCGCACCCCTCACGGGGTGCGTGGATTGAAAT",
                    "vector": "111111111111111111111111111111111",
                    "conservation": "100.00%",
                    "gapped_start": 164,
                    "gapped_end": 196
                },
                {
                    "genome_id": "NZ_JBCOFS010000012",
                    "chromosome": "1",
                    "genomic_start": 49787,
                    "genomic_end": 49819,
                    "strand": "-",
                    "aligned_sequence_gapped": "GTCGCACCCCTCACGGGGTGCGTGGATTGAAAT",
                    "vector": "111111111111111111111111111111111",
                    "conservation": "100.00%",
                    "gapped_start": 164,
                    "gapped_end": 196
                },
                {
                    "genome_id": "NZ_JBCOFT010000026",
                    "chromosome": "1",
                    "genomic_start": 198,
                    "genomic_end": 230,
                    "strand": "-",
                    "aligned_sequence_gapped": "GTCGCACCCCTCACGGGGTGCGTGGATTGAAAT",
                    "vector": "111111111111111111111111111111111",
                    "conservation": "100.00%",
                    "gapped_start": 164,
                    "gapped_end": 196
                },
                {
                    "genome_id": "NZ_LR134344",
                    "chromosome": "1",
                    "genomic_start": 1067531,
                    "genomic_end": 1067563,
                    "strand": "+",
                    "aligned_sequence_gapped": "GTCGCACCCCTCACGGGGTGCGTGGATTGAAAT",
                    "vector": "111111111111111111111111111111111",
                    "conservation": "100.00%",
                    "gapped_start": 164,
                    "gapped_end": 196
                },
                {
                    "genome_id": "NZ_JAQEFP010000011",
                    "chromosome": "1",
                    "genomic_start": 51585,
                    "genomic_end": 51617,
                    "strand": "-",
                    "aligned_sequence_gapped": "GTCGCACCCCTCACGGGGTGCGTGGATTGAAAT",
                    "vector": "111111111111111111111111111111111",
                    "conservation": "100.00%",
                    "gapped_start": 164,
                    "gapped_end": 196
                },
                {
                    "genome_id": "NZ_VRKP01000014",
                    "chromosome": "1",
                    "genomic_start": 28303,
                    "genomic_end": 28335,
                    "strand": "+",
                    "aligned_sequence_gapped": "GTCGCACCCCTCACGGGGTGCGTGGATTGAAAT",
                    "vector": "111111111111111111111111111111111",
                    "conservation": "100.00%",
                    "gapped_start": 164,
                    "gapped_end": 196
                },
                {
                    "genome_id": "NZ_AMPL01000066",
                    "chromosome": "1",
                    "genomic_start": 476,
                    "genomic_end": 508,
                    "strand": "-",
                    "aligned_sequence_gapped": "GTCGCACCCCTCACGGGGTGCGTGGATTGAAAT",
                    "vector": "111111111111111111111111111111111",
                    "conservation": "100.00%",
                    "gapped_start": 164,
                    "gapped_end": 196
                },
                {
                    "genome_id": "NZ_KE993179",
                    "chromosome": "1",
                    "genomic_start": 208786,
                    "genomic_end": 208818,
                    "strand": "+",
                    "aligned_sequence_gapped": "GTCGCACCCCTCACGGGGTGCGTGGATTGAAAT",
                    "vector": "111111111111111111111111111111111",
                    "conservation": "100.00%",
                    "gapped_start": 164,
                    "gapped_end": 196
                },
                {
                    "genome_id": "NZ_JGYO01000001",
                    "chromosome": "1",
                    "genomic_start": 544371,
                    "genomic_end": 544403,
                    "strand": "-",
                    "aligned_sequence_gapped": "GTCGCACCCCTCACGGGGTGCGTGGATTGAAAT",
                    "vector": "111111111111111111111111111111111",
                    "conservation": "100.00%",
                    "gapped_start": 164,
                    "gapped_end": 196
                },
                {
                    "genome_id": "NZ_JDUM01000007",
                    "chromosome": "1",
                    "genomic_start": 138975,
                    "genomic_end": 139007,
                    "strand": "-",
                    "aligned_sequence_gapped": "GTCGCACCCCTCACGGGGTGCGTGGATTGAAAT",
                    "vector": "111111111111111111111111111111111",
                    "conservation": "100.00%",
                    "gapped_start": 164,
                    "gapped_end": 196
                },
                {
                    "genome_id": "NZ_JSDZ01000001",
                    "chromosome": "1",
                    "genomic_start": 115204,
                    "genomic_end": 115236,
                    "strand": "-",
                    "aligned_sequence_gapped": "GTCGCACCCCTCACGGGGTGCGTGGATTGAAAT",
                    "vector": "111111111111111111111111111111111",
                    "conservation": "100.00%",
                    "gapped_start": 164,
                    "gapped_end": 196
                },
                {
                    "genome_id": "NZ_JSEA01000001",
                    "chromosome": "1",
                    "genomic_start": 9313,
                    "genomic_end": 9345,
                    "strand": "-",
                    "aligned_sequence_gapped": "GTCGCACCCCTCACGGGGTGCGTGGATTGAAAT",
                    "vector": "111111111111111111111111111111111",
                    "conservation": "100.00%",
                    "gapped_start": 164,
                    "gapped_end": 196
                },
                {
                    "genome_id": "NZ_AP012323",
                    "chromosome": "1",
                    "genomic_start": 605073,
                    "genomic_end": 605105,
                    "strand": "-",
                    "aligned_sequence_gapped": "GTCGCACCCCTCACGGGGTGCGTGGATTGAAAT",
                    "vector": "111111111111111111111111111111111",
                    "conservation": "100.00%",
                    "gapped_start": 164,
                    "gapped_end": 196
                },
                {
                    "genome_id": "NZ_NDXI01000006",
                    "chromosome": "1",
                    "genomic_start": 113582,
                    "genomic_end": 113614,
                    "strand": "-",
                    "aligned_sequence_gapped": "GTCGCACCCCTCACGGGGTGCGTGGATTGAAAT",
                    "vector": "111111111111111111111111111111111",
                    "conservation": "100.00%",
                    "gapped_start": 164,
                    "gapped_end": 196
                },
                {
                    "genome_id": "NZ_QSQE01000015",
                    "chromosome": "1",
                    "genomic_start": 13862,
                    "genomic_end": 13894,
                    "strand": "+",
                    "aligned_sequence_gapped": "GTCGCACCCCTCACGGGGTGCGTGGATTGAAAT",
                    "vector": "111111111111111111111111111111111",
                    "conservation": "100.00%",
                    "gapped_start": 164,
                    "gapped_end": 196
                },
                {
                    "genome_id": "NZ_QSQF01000014",
                    "chromosome": "1",
                    "genomic_start": 13850,
                    "genomic_end": 13882,
                    "strand": "-",
                    "aligned_sequence_gapped": "GTCGCACCCCTCACGGGGTGCGTGGATTGAAAT",
                    "vector": "111111111111111111111111111111111",
                    "conservation": "100.00%",
                    "gapped_start": 164,
                    "gapped_end": 196
                },
                {
                    "genome_id": "NZ_QSSS01000006",
                    "chromosome": "1",
                    "genomic_start": 206165,
                    "genomic_end": 206197,
                    "strand": "-",
                    "aligned_sequence_gapped": "GTCGCACCCCTCACGGGGTGCGTGGATTGAAAT",
                    "vector": "111111111111111111111111111111111",
                    "conservation": "100.00%",
                    "gapped_start": 164,
                    "gapped_end": 196
                },
                {
                    "genome_id": "NZ_QSPA01000011",
                    "chromosome": "1",
                    "genomic_start": 58836,
                    "genomic_end": 58868,
                    "strand": "+",
                    "aligned_sequence_gapped": "GTCGCACCCCTCACGGGGTGCGTGGATTGAAAT",
                    "vector": "111111111111111111111111111111111",
                    "conservation": "100.00%",
                    "gapped_start": 164,
                    "gapped_end": 196
                },
                {
                    "genome_id": "NZ_QSAO01000002",
                    "chromosome": "1",
                    "genomic_start": 79620,
                    "genomic_end": 79652,
                    "strand": "-",
                    "aligned_sequence_gapped": "GTCGCACCCCTCACGGGGTGCGTGGATTGAAAT",
                    "vector": "111111111111111111111111111111111",
                    "conservation": "100.00%",
                    "gapped_start": 164,
                    "gapped_end": 196
                },
                {
                    "genome_id": "NZ_CP058603",
                    "chromosome": "1",
                    "genomic_start": 606843,
                    "genomic_end": 606875,
                    "strand": "-",
                    "aligned_sequence_gapped": "GTCGCACCCCTCACGGGGTGCGTGGATTGAAAT",
                    "vector": "111111111111111111111111111111111",
                    "conservation": "100.00%",
                    "gapped_start": 164,
                    "gapped_end": 196
                },
                {
                    "genome_id": "NZ_JAGJCE010000012",
                    "chromosome": "1",
                    "genomic_start": 38491,
                    "genomic_end": 38523,
                    "strand": "-",
                    "aligned_sequence_gapped": "GTCGCACCCCTCACGGGGTGCGTGGATTGAAAT",
                    "vector": "111111111111111111111111111111111",
                    "conservation": "100.00%",
                    "gapped_start": 164,
                    "gapped_end": 196
                },
                {
                    "genome_id": "NZ_JADPYV010000002",
                    "chromosome": "1",
                    "genomic_start": 542592,
                    "genomic_end": 542624,
                    "strand": "-",
                    "aligned_sequence_gapped": "GTCGCACCCCTCACGGGGTGCGTGGATTGAAAT",
                    "vector": "111111111111111111111111111111111",
                    "conservation": "100.00%",
                    "gapped_start": 164,
                    "gapped_end": 196
                },
                {
                    "genome_id": "NZ_JACEIZ010000002",
                    "chromosome": "1",
                    "genomic_start": 363006,
                    "genomic_end": 363038,
                    "strand": "+",
                    "aligned_sequence_gapped": "GTCGCACCCCTCACGGGGTGCGTGGATTGAAAT",
                    "vector": "111111111111111111111111111111111",
                    "conservation": "100.00%",
                    "gapped_start": 164,
                    "gapped_end": 196
                },
                {
                    "genome_id": "NZ_WBNT01000007",
                    "chromosome": "1",
                    "genomic_start": 114653,
                    "genomic_end": 114685,
                    "strand": "-",
                    "aligned_sequence_gapped": "GTCGCACCCCTCACGGGGTGCGTGGATTGAAAT",
                    "vector": "111111111111111111111111111111111",
                    "conservation": "100.00%",
                    "gapped_start": 164,
                    "gapped_end": 196
                },
                {
                    "genome_id": "NZ_QRLK01000003",
                    "chromosome": "1",
                    "genomic_start": 321301,
                    "genomic_end": 321333,
                    "strand": "+",
                    "aligned_sequence_gapped": "GTCGCACCCCTCACGGGGTGCGTGGATTGAAAT",
                    "vector": "111111111111111111111111111111111",
                    "conservation": "100.00%",
                    "gapped_start": 164,
                    "gapped_end": 196
                },
                {
                    "genome_id": "NZ_QRLR01000002",
                    "chromosome": "1",
                    "genomic_start": 526749,
                    "genomic_end": 526781,
                    "strand": "-",
                    "aligned_sequence_gapped": "GTCGCACCCCTCACGGGGTGCGTGGATTGAAAT",
                    "vector": "111111111111111111111111111111111",
                    "conservation": "100.00%",
                    "gapped_start": 164,
                    "gapped_end": 196
                },
                {
                    "genome_id": "NZ_QSPI01000017",
                    "chromosome": "1",
                    "genomic_start": 531,
                    "genomic_end": 563,
                    "strand": "+",
                    "aligned_sequence_gapped": "GTCGCACCCCTCACGGGGTGCGTGGATTGAAAT",
                    "vector": "111111111111111111111111111111111",
                    "conservation": "100.00%",
                    "gapped_start": 164,
                    "gapped_end": 196
                }
            ]
        }
    }
]