[
    {
        "hit_id": "regex_NZ_JBDMKG010000015__ATTTCAATCCACGCACCCCGTGAGGGGTGCGA_28_36_ATTTCAATCCACGCACCCCGTGAGGGGTGCGA__6",
        "reference_genome": "NZ_JBDMKG010000015",
        "chromosome": "1",
        "genomic_start": 22150,
        "genomic_end": 22182,
        "strand": "-",
        "motif_type": "regex",
        "motif_name": "_ATTTCAATCCACGCACCCCGTGAGGGGTGCGA_28_36_ATTTCAATCCACGCACCCCGTGAGGGGTGCGA_",
        "motif_length": 33,
        "gapped_motif": "A---TTTC-A---A-TCCACG--CACCCCGTGAGGGGTGC-GAC",
        "gapped_start": 12,
        "gapped_end": 55,
        "ungapped_start": 7,
        "ungapped_end": 39,
        "motif": "ATTTCAATCCACGCACCCCGTGAGGGGTGCGAC",
        "motif_strand": "-",
        "conservation": {
            "value": 79.8,
            "other_genomes": [
                {
                    "genome_id": "NZ_JBDMKC010000076",
                    "chromosome": "1",
                    "genomic_start": 2036,
                    "genomic_end": 2068,
                    "strand": "-",
                    "aligned_sequence_gapped": "A---TTTC-A---A-TCCACG--CACCCCGTGAGGGGTGC-GAC",
                    "vector": "111111111111111111111111111111111",
                    "conservation": "100.00%",
                    "gapped_start": 12,
                    "gapped_end": 55
                },
                {
                    "genome_id": "NZ_BCXK01000011",
                    "chromosome": "1",
                    "genomic_start": 26898,
                    "genomic_end": 26941,
                    "strand": "-",
                    "aligned_sequence_gapped": "AGGGGTGCGAGGGACAACACGACCATCACTCTCGGCAACCTGAC",
                    "vector": "100001010100010001111001101010000",
                    "conservation": "39.39%",
                    "gapped_start": 12,
                    "gapped_end": 55
                },
                {
                    "genome_id": "NZ_JBDMKF010000019",
                    "chromosome": "1",
                    "genomic_start": 14635,
                    "genomic_end": 14667,
                    "strand": "-",
                    "aligned_sequence_gapped": "A---TTTC-A---A-TCCACG--CACCCCGTGAGGGGTGC-GAC",
                    "vector": "111111111111111111111111111111111",
                    "conservation": "100.00%",
                    "gapped_start": 12,
                    "gapped_end": 55
                }
            ]
        }
    },
    {
        "hit_id": "regex_NZ_JBDMKG010000015__ATTTCAATCCACGCACCCCGTGAGGGGTGCGA_28_36_ATTTCAATCCACGCACCCCGTGAGGGGTGCGA__77",
        "reference_genome": "NZ_JBDMKG010000015",
        "chromosome": "1",
        "genomic_start": 22221,
        "genomic_end": 22253,
        "strand": "-",
        "motif_type": "regex",
        "motif_name": "_ATTTCAATCCACGCACCCCGTGAGGGGTGCGA_28_36_ATTTCAATCCACGCACCCCGTGAGGGGTGCGA_",
        "motif_length": 33,
        "gapped_motif": "ATTTCAATCCACGCACCCCGTGAGGGGTGCGAC",
        "gapped_start": 122,
        "gapped_end": 154,
        "ungapped_start": 78,
        "ungapped_end": 110,
        "motif": "ATTTCAATCCACGCACCCCGTGAGGGGTGCGAC",
        "motif_strand": "-",
        "conservation": {
            "value": 100.0,
            "other_genomes": [
                {
                    "genome_id": "NZ_JBDMKC010000076",
                    "chromosome": "1",
                    "genomic_start": 2107,
                    "genomic_end": 2139,
                    "strand": "-",
                    "aligned_sequence_gapped": "ATTTCAATCCACGCACCCCGTGAGGGGTGCGAC",
                    "vector": "111111111111111111111111111111111",
                    "conservation": "100.00%",
                    "gapped_start": 122,
                    "gapped_end": 154
                },
                {
                    "genome_id": "NZ_BCXK01000011",
                    "chromosome": "1",
                    "genomic_start": 27008,
                    "genomic_end": 27040,
                    "strand": "-",
                    "aligned_sequence_gapped": "ATTTCAATCCACGCACCCCGTGAGGGGTGCGAC",
                    "vector": "111111111111111111111111111111111",
                    "conservation": "100.00%",
                    "gapped_start": 122,
                    "gapped_end": 154
                },
                {
                    "genome_id": "NZ_JBDMKF010000019",
                    "chromosome": "1",
                    "genomic_start": 14706,
                    "genomic_end": 14738,
                    "strand": "-",
                    "aligned_sequence_gapped": "ATTTCAATCCACGCACCCCGTGAGGGGTGCGAC",
                    "vector": "111111111111111111111111111111111",
                    "conservation": "100.00%",
                    "gapped_start": 122,
                    "gapped_end": 154
                }
            ]
        }
    },
    {
        "hit_id": "regex_NZ_JBDMKG010000015__ATTTCAATCCACGCACCCCGTGAGGGGTGCGA_28_36_ATTTCAATCCACGCACCCCGTGAGGGGTGCGA__rc_5",
        "reference_genome": "NZ_JBDMKG010000015",
        "chromosome": "1",
        "genomic_start": 32520,
        "genomic_end": 32552,
        "strand": "+",
        "motif_type": "regex",
        "motif_name": "_ATTTCAATCCACGCACCCCGTGAGGGGTGCGA_28_36_ATTTCAATCCACGCACCCCGTGAGGGGTGCGA_",
        "motif_length": 33,
        "gapped_motif": "GTCGCACCCCTCACGGGGTGCGTGGATTGAAAT",
        "gapped_start": 6,
        "gapped_end": 38,
        "ungapped_start": 6,
        "ungapped_end": 38,
        "motif": "ATTTCAATCCACGCACCCCGTGAGGGGTGCGAC",
        "motif_strand": "-",
        "conservation": {
            "value": 100.0,
            "other_genomes": [
                {
                    "genome_id": "NZ_JBDMKE010000002",
                    "chromosome": "1",
                    "genomic_start": 132596,
                    "genomic_end": 132628,
                    "strand": "-",
                    "aligned_sequence_gapped": "GTCGCACCCCTCACGGGGTGCGTGGATTGAAAT",
                    "vector": "111111111111111111111111111111111",
                    "conservation": "100.00%",
                    "gapped_start": 6,
                    "gapped_end": 38
                },
                {
                    "genome_id": "NZ_JBDMKB010000018",
                    "chromosome": "1",
                    "genomic_start": 4820,
                    "genomic_end": 4852,
                    "strand": "-",
                    "aligned_sequence_gapped": "GTCGCACCCCTCACGGGGTGCGTGGATTGAAAT",
                    "vector": "111111111111111111111111111111111",
                    "conservation": "100.00%",
                    "gapped_start": 6,
                    "gapped_end": 38
                },
                {
                    "genome_id": "NZ_JBDMKF010000019",
                    "chromosome": "1",
                    "genomic_start": 33911,
                    "genomic_end": 33943,
                    "strand": "+",
                    "aligned_sequence_gapped": "GTCGCACCCCTCACGGGGTGCGTGGATTGAAAT",
                    "vector": "111111111111111111111111111111111",
                    "conservation": "100.00%",
                    "gapped_start": 6,
                    "gapped_end": 38
                },
                {
                    "genome_id": "NZ_JBDMKC010000076",
                    "chromosome": "1",
                    "genomic_start": 5368,
                    "genomic_end": 5400,
                    "strand": "+",
                    "aligned_sequence_gapped": "GTCGCACCCCTCACGGGGTGCGTGGATTGAAAT",
                    "vector": "111111111111111111111111111111111",
                    "conservation": "100.00%",
                    "gapped_start": 6,
                    "gapped_end": 38
                },
                {
                    "genome_id": "NZ_JBDMKD010000015",
                    "chromosome": "1",
                    "genomic_start": 50777,
                    "genomic_end": 50809,
                    "strand": "-",
                    "aligned_sequence_gapped": "GTCGCACCCCTCACGGGGTGCGTGGATTGAAAT",
                    "vector": "111111111111111111111111111111111",
                    "conservation": "100.00%",
                    "gapped_start": 6,
                    "gapped_end": 38
                }
            ]
        }
    },
    {
        "hit_id": "regex_NZ_JBDMKG010000015__ATTTCAATCCACGCACCCCGTGAGGGGTGCGA_28_36_ATTTCAATCCACGCACCCCGTGAGGGGTGCGA__rc_46",
        "reference_genome": "NZ_JBDMKG010000015",
        "chromosome": "1",
        "genomic_start": 30378,
        "genomic_end": 30410,
        "strand": "+",
        "motif_type": "regex",
        "motif_name": "_ATTTCAATCCACGCACCCCGTGAGGGGTGCGA_28_36_ATTTCAATCCACGCACCCCGTGAGGGGTGCGA_",
        "motif_length": 33,
        "gapped_motif": "GTCGCACCCCTCACGGGGTGCGTGGATTGAAAT",
        "gapped_start": 47,
        "gapped_end": 79,
        "ungapped_start": 47,
        "ungapped_end": 79,
        "motif": "ATTTCAATCCACGCACCCCGTGAGGGGTGCGAC",
        "motif_strand": "-",
        "conservation": {
            "value": 100.0,
            "other_genomes": [
                {
                    "genome_id": "NZ_JBDMKF010000019",
                    "chromosome": "1",
                    "genomic_start": 31702,
                    "genomic_end": 31734,
                    "strand": "+",
                    "aligned_sequence_gapped": "GTCGCACCCCTCACGGGGTGCGTGGATTGAAAT",
                    "vector": "111111111111111111111111111111111",
                    "conservation": "100.00%",
                    "gapped_start": 47,
                    "gapped_end": 79
                },
                {
                    "genome_id": "NZ_JBDMKC010000076",
                    "chromosome": "1",
                    "genomic_start": 3226,
                    "genomic_end": 3258,
                    "strand": "+",
                    "aligned_sequence_gapped": "GTCGCACCCCTCACGGGGTGCGTGGATTGAAAT",
                    "vector": "111111111111111111111111111111111",
                    "conservation": "100.00%",
                    "gapped_start": 47,
                    "gapped_end": 79
                }
            ]
        }
    }
]