[
    {
        "hit_id": "regex_NZ_JAQKIQ010000001__ATTTCAATCCACGCACCCCGTGAGGGGTGCGA_28_36_ATTTCAATCCACGCACCCCGTGAGGGGTGCGA__rc_4",
        "reference_genome": "NZ_JAQKIQ010000001",
        "chromosome": "1",
        "genomic_start": 543831,
        "genomic_end": 543863,
        "strand": "-",
        "motif_type": "regex",
        "motif_name": "_ATTTCAATCCACGCACCCCGTGAGGGGTGCGA_28_36_ATTTCAATCCACGCACCCCGTGAGGGGTGCGA_",
        "motif_length": 33,
        "gapped_motif": "GTCGCACCCCTCACGGGGTGCGTGGATTGAAAT",
        "gapped_start": 5,
        "gapped_end": 37,
        "ungapped_start": 5,
        "ungapped_end": 37,
        "motif": "ATTTCAATCCACGCACCCCGTGAGGGGTGCGAC",
        "motif_strand": "+",
        "conservation": {
            "value": 100.0,
            "other_genomes": [
                {
                    "genome_id": "NZ_JAQKJP010000002",
                    "chromosome": "1",
                    "genomic_start": 543901,
                    "genomic_end": 543933,
                    "strand": "+",
                    "aligned_sequence_gapped": "GTCGCACCCCTCACGGGGTGCGTGGATTGAAAT",
                    "vector": "111111111111111111111111111111111",
                    "conservation": "100.00%",
                    "gapped_start": 5,
                    "gapped_end": 37
                },
                {
                    "genome_id": "NZ_JAQKJQ010000002",
                    "chromosome": "1",
                    "genomic_start": 544116,
                    "genomic_end": 544148,
                    "strand": "-",
                    "aligned_sequence_gapped": "GTCGCACCCCTCACGGGGTGCGTGGATTGAAAT",
                    "vector": "111111111111111111111111111111111",
                    "conservation": "100.00%",
                    "gapped_start": 5,
                    "gapped_end": 37
                },
                {
                    "genome_id": "NZ_JAQKJO010000002",
                    "chromosome": "1",
                    "genomic_start": 543581,
                    "genomic_end": 543613,
                    "strand": "+",
                    "aligned_sequence_gapped": "GTCGCACCCCTCACGGGGTGCGTGGATTGAAAT",
                    "vector": "111111111111111111111111111111111",
                    "conservation": "100.00%",
                    "gapped_start": 5,
                    "gapped_end": 37
                },
                {
                    "genome_id": "NZ_JAQKIP010000003",
                    "chromosome": "1",
                    "genomic_start": 388664,
                    "genomic_end": 388696,
                    "strand": "-",
                    "aligned_sequence_gapped": "GTCGCACCCCTCACGGGGTGCGTGGATTGAAAT",
                    "vector": "111111111111111111111111111111111",
                    "conservation": "100.00%",
                    "gapped_start": 5,
                    "gapped_end": 37
                },
                {
                    "genome_id": "NZ_JAQKII010000008",
                    "chromosome": "1",
                    "genomic_start": 34690,
                    "genomic_end": 34722,
                    "strand": "+",
                    "aligned_sequence_gapped": "GTCGCACCCCTCACGGGGTGCGTGGATTGAAAT",
                    "vector": "111111111111111111111111111111111",
                    "conservation": "100.00%",
                    "gapped_start": 5,
                    "gapped_end": 37
                },
                {
                    "genome_id": "NZ_JAQKIL010000003",
                    "chromosome": "1",
                    "genomic_start": 157274,
                    "genomic_end": 157306,
                    "strand": "-",
                    "aligned_sequence_gapped": "GTCGCACCCCTCACGGGGTGCGTGGATTGAAAT",
                    "vector": "111111111111111111111111111111111",
                    "conservation": "100.00%",
                    "gapped_start": 5,
                    "gapped_end": 37
                },
                {
                    "genome_id": "NZ_JAQKIJ010000004",
                    "chromosome": "1",
                    "genomic_start": 166424,
                    "genomic_end": 166456,
                    "strand": "+",
                    "aligned_sequence_gapped": "GTCGCACCCCTCACGGGGTGCGTGGATTGAAAT",
                    "vector": "111111111111111111111111111111111",
                    "conservation": "100.00%",
                    "gapped_start": 5,
                    "gapped_end": 37
                },
                {
                    "genome_id": "NZ_JAQKIK010000002",
                    "chromosome": "1",
                    "genomic_start": 365803,
                    "genomic_end": 365835,
                    "strand": "+",
                    "aligned_sequence_gapped": "GTCGCACCCCTCACGGGGTGCGTGGATTGAAAT",
                    "vector": "111111111111111111111111111111111",
                    "conservation": "100.00%",
                    "gapped_start": 5,
                    "gapped_end": 37
                },
                {
                    "genome_id": "NZ_JAQKIN010000001",
                    "chromosome": "1",
                    "genomic_start": 543764,
                    "genomic_end": 543796,
                    "strand": "+",
                    "aligned_sequence_gapped": "GTCGCACCCCTCACGGGGTGCGTGGATTGAAAT",
                    "vector": "111111111111111111111111111111111",
                    "conservation": "100.00%",
                    "gapped_start": 5,
                    "gapped_end": 37
                },
                {
                    "genome_id": "NZ_JAQKIM010000005",
                    "chromosome": "1",
                    "genomic_start": 221106,
                    "genomic_end": 221138,
                    "strand": "+",
                    "aligned_sequence_gapped": "GTCGCACCCCTCACGGGGTGCGTGGATTGAAAT",
                    "vector": "111111111111111111111111111111111",
                    "conservation": "100.00%",
                    "gapped_start": 5,
                    "gapped_end": 37
                },
                {
                    "genome_id": "NZ_JAQKIR010000006",
                    "chromosome": "1",
                    "genomic_start": 115415,
                    "genomic_end": 115447,
                    "strand": "+",
                    "aligned_sequence_gapped": "GTCGCACCCCTCACGGGGTGCGTGGATTGAAAT",
                    "vector": "111111111111111111111111111111111",
                    "conservation": "100.00%",
                    "gapped_start": 5,
                    "gapped_end": 37
                },
                {
                    "genome_id": "NZ_JBCFAF010000002",
                    "chromosome": "1",
                    "genomic_start": 189293,
                    "genomic_end": 189325,
                    "strand": "+",
                    "aligned_sequence_gapped": "GTCGCACCCCTCACGGGGTGCGTGGATTGAAAT",
                    "vector": "111111111111111111111111111111111",
                    "conservation": "100.00%",
                    "gapped_start": 5,
                    "gapped_end": 37
                },
                {
                    "genome_id": "NZ_JBDOUI010000002",
                    "chromosome": "1",
                    "genomic_start": 543832,
                    "genomic_end": 543864,
                    "strand": "-",
                    "aligned_sequence_gapped": "GTCGCACCCCTCACGGGGTGCGTGGATTGAAAT",
                    "vector": "111111111111111111111111111111111",
                    "conservation": "100.00%",
                    "gapped_start": 5,
                    "gapped_end": 37
                },
                {
                    "genome_id": "NZ_JAQKJS010000001",
                    "chromosome": "1",
                    "genomic_start": 543842,
                    "genomic_end": 543874,
                    "strand": "+",
                    "aligned_sequence_gapped": "GTCGCACCCCTCACGGGGTGCGTGGATTGAAAT",
                    "vector": "111111111111111111111111111111111",
                    "conservation": "100.00%",
                    "gapped_start": 5,
                    "gapped_end": 37
                },
                {
                    "genome_id": "NZ_JAQKIO010000014",
                    "chromosome": "1",
                    "genomic_start": 1672,
                    "genomic_end": 1704,
                    "strand": "+",
                    "aligned_sequence_gapped": "GTCGCACCCCTCACGGGGTGCGTGGATTGAAAT",
                    "vector": "111111111111111111111111111111111",
                    "conservation": "100.00%",
                    "gapped_start": 5,
                    "gapped_end": 37
                },
                {
                    "genome_id": "NZ_JADMYI010000002",
                    "chromosome": "1",
                    "genomic_start": 543973,
                    "genomic_end": 544005,
                    "strand": "+",
                    "aligned_sequence_gapped": "GTCGCACCCCTCACGGGGTGCGTGGATTGAAAT",
                    "vector": "111111111111111111111111111111111",
                    "conservation": "100.00%",
                    "gapped_start": 5,
                    "gapped_end": 37
                },
                {
                    "genome_id": "NZ_JACTOD010000009",
                    "chromosome": "1",
                    "genomic_start": 68845,
                    "genomic_end": 68877,
                    "strand": "-",
                    "aligned_sequence_gapped": "GTCGCACCCCTCACGGGGTGCGTGGATTGAAAT",
                    "vector": "111111111111111111111111111111111",
                    "conservation": "100.00%",
                    "gapped_start": 5,
                    "gapped_end": 37
                },
                {
                    "genome_id": "NZ_JACTOD010000009",
                    "chromosome": "1",
                    "genomic_start": 63074,
                    "genomic_end": 63106,
                    "strand": "-",
                    "aligned_sequence_gapped": "GTCGCACCCCTCACGGGGTGCGTGGATTGAAAT",
                    "vector": "111111111111111111111111111111111",
                    "conservation": "100.00%",
                    "gapped_start": 5,
                    "gapped_end": 37
                },
                {
                    "genome_id": "NZ_JAQKIS010000013",
                    "chromosome": "1",
                    "genomic_start": 2549,
                    "genomic_end": 2581,
                    "strand": "+",
                    "aligned_sequence_gapped": "GTCGCACCCCTCACGGGGTGCGTGGATTGAAAT",
                    "vector": "111111111111111111111111111111111",
                    "conservation": "100.00%",
                    "gapped_start": 5,
                    "gapped_end": 37
                },
                {
                    "genome_id": "NZ_JAQKIT010000002",
                    "chromosome": "1",
                    "genomic_start": 543832,
                    "genomic_end": 543864,
                    "strand": "-",
                    "aligned_sequence_gapped": "GTCGCACCCCTCACGGGGTGCGTGGATTGAAAT",
                    "vector": "111111111111111111111111111111111",
                    "conservation": "100.00%",
                    "gapped_start": 5,
                    "gapped_end": 37
                },
                {
                    "genome_id": "NZ_JAQKIU010000003",
                    "chromosome": "1",
                    "genomic_start": 219647,
                    "genomic_end": 219679,
                    "strand": "-",
                    "aligned_sequence_gapped": "GTCGCACCCCTCACGGGGTGCGTGGATTGAAAT",
                    "vector": "111111111111111111111111111111111",
                    "conservation": "100.00%",
                    "gapped_start": 5,
                    "gapped_end": 37
                },
                {
                    "genome_id": "NZ_JAQKJM010000002",
                    "chromosome": "1",
                    "genomic_start": 543969,
                    "genomic_end": 544001,
                    "strand": "-",
                    "aligned_sequence_gapped": "GTCGCACCCCTCACGGGGTGCGTGGATTGAAAT",
                    "vector": "111111111111111111111111111111111",
                    "conservation": "100.00%",
                    "gapped_start": 5,
                    "gapped_end": 37
                },
                {
                    "genome_id": "NZ_JAQKJJ010000002",
                    "chromosome": "1",
                    "genomic_start": 543973,
                    "genomic_end": 544005,
                    "strand": "-",
                    "aligned_sequence_gapped": "GTCGCACCCCTCACGGGGTGCGTGGATTGAAAT",
                    "vector": "111111111111111111111111111111111",
                    "conservation": "100.00%",
                    "gapped_start": 5,
                    "gapped_end": 37
                },
                {
                    "genome_id": "NZ_JAQKJL010000002",
                    "chromosome": "1",
                    "genomic_start": 543836,
                    "genomic_end": 543868,
                    "strand": "+",
                    "aligned_sequence_gapped": "GTCGCACCCCTCACGGGGTGCGTGGATTGAAAT",
                    "vector": "111111111111111111111111111111111",
                    "conservation": "100.00%",
                    "gapped_start": 5,
                    "gapped_end": 37
                },
                {
                    "genome_id": "NZ_JAQKJK010000002",
                    "chromosome": "1",
                    "genomic_start": 543973,
                    "genomic_end": 544005,
                    "strand": "+",
                    "aligned_sequence_gapped": "GTCGCACCCCTCACGGGGTGCGTGGATTGAAAT",
                    "vector": "111111111111111111111111111111111",
                    "conservation": "100.00%",
                    "gapped_start": 5,
                    "gapped_end": 37
                },
                {
                    "genome_id": "NZ_JAQKJR010000002",
                    "chromosome": "1",
                    "genomic_start": 543973,
                    "genomic_end": 544005,
                    "strand": "+",
                    "aligned_sequence_gapped": "GTCGCACCCCTCACGGGGTGCGTGGATTGAAAT",
                    "vector": "111111111111111111111111111111111",
                    "conservation": "100.00%",
                    "gapped_start": 5,
                    "gapped_end": 37
                },
                {
                    "genome_id": "NZ_JAQKJT010000002",
                    "chromosome": "1",
                    "genomic_start": 543841,
                    "genomic_end": 543873,
                    "strand": "-",
                    "aligned_sequence_gapped": "GTCGCACCCCTCACGGGGTGCGTGGATTGAAAT",
                    "vector": "111111111111111111111111111111111",
                    "conservation": "100.00%",
                    "gapped_start": 5,
                    "gapped_end": 37
                },
                {
                    "genome_id": "NZ_JAQKJN010000001",
                    "chromosome": "1",
                    "genomic_start": 543838,
                    "genomic_end": 543870,
                    "strand": "+",
                    "aligned_sequence_gapped": "GTCGCACCCCTCACGGGGTGCGTGGATTGAAAT",
                    "vector": "111111111111111111111111111111111",
                    "conservation": "100.00%",
                    "gapped_start": 5,
                    "gapped_end": 37
                }
            ]
        }
    }
]