[
    {
        "hit_id": "regex_NZ_JAQKKD010000014__ATTTCAATCCACGCACCCCGTGAGGGGTGCGA_28_36_ATTTCAATCCACGCACCCCGTGAGGGGTGCGA__rc_5",
        "reference_genome": "NZ_JAQKKD010000014",
        "chromosome": "1",
        "genomic_start": 805,
        "genomic_end": 837,
        "strand": "+",
        "motif_type": "regex",
        "motif_name": "_ATTTCAATCCACGCACCCCGTGAGGGGTGCGA_28_36_ATTTCAATCCACGCACCCCGTGAGGGGTGCGA_",
        "motif_length": 33,
        "gapped_motif": "GTCGCACCCCTCACGGGGTGCGTGGATTGAAAT",
        "gapped_start": 6,
        "gapped_end": 38,
        "ungapped_start": 6,
        "ungapped_end": 38,
        "motif": "ATTTCAATCCACGCACCCCGTGAGGGGTGCGAC",
        "motif_strand": "-",
        "conservation": {
            "value": 97.98,
            "other_genomes": [
                {
                    "genome_id": "NZ_JAQKIP010000003",
                    "chromosome": "1",
                    "genomic_start": 389940,
                    "genomic_end": 389971,
                    "strand": "-",
                    "aligned_sequence_gapped": "GTCGCACCCCTCACGGGGTGCGTGGATTGAAA-",
                    "vector": "111111111111111111111111111111110",
                    "conservation": "96.97%",
                    "gapped_start": 6,
                    "gapped_end": 38
                },
                {
                    "genome_id": "NZ_JAQKII010000008",
                    "chromosome": "1",
                    "genomic_start": 35966,
                    "genomic_end": 35997,
                    "strand": "+",
                    "aligned_sequence_gapped": "GTCGCACCCCTCACGGGGTGCGTGGATTGAAA-",
                    "vector": "111111111111111111111111111111110",
                    "conservation": "96.97%",
                    "gapped_start": 6,
                    "gapped_end": 38
                },
                {
                    "genome_id": "NZ_JAQKIL010000003",
                    "chromosome": "1",
                    "genomic_start": 158550,
                    "genomic_end": 158581,
                    "strand": "-",
                    "aligned_sequence_gapped": "GTCGCACCCCTCACGGGGTGCGTGGATTGAAA-",
                    "vector": "111111111111111111111111111111110",
                    "conservation": "96.97%",
                    "gapped_start": 6,
                    "gapped_end": 38
                },
                {
                    "genome_id": "NZ_JAQKIJ010000004",
                    "chromosome": "1",
                    "genomic_start": 167700,
                    "genomic_end": 167731,
                    "strand": "+",
                    "aligned_sequence_gapped": "GTCGCACCCCTCACGGGGTGCGTGGATTGAAA-",
                    "vector": "111111111111111111111111111111110",
                    "conservation": "96.97%",
                    "gapped_start": 6,
                    "gapped_end": 38
                },
                {
                    "genome_id": "NZ_JAQKIK010000002",
                    "chromosome": "1",
                    "genomic_start": 367079,
                    "genomic_end": 367110,
                    "strand": "+",
                    "aligned_sequence_gapped": "GTCGCACCCCTCACGGGGTGCGTGGATTGAAA-",
                    "vector": "111111111111111111111111111111110",
                    "conservation": "96.97%",
                    "gapped_start": 6,
                    "gapped_end": 38
                },
                {
                    "genome_id": "NZ_JAQKIN010000001",
                    "chromosome": "1",
                    "genomic_start": 545040,
                    "genomic_end": 545071,
                    "strand": "+",
                    "aligned_sequence_gapped": "GTCGCACCCCTCACGGGGTGCGTGGATTGAAA-",
                    "vector": "111111111111111111111111111111110",
                    "conservation": "96.97%",
                    "gapped_start": 6,
                    "gapped_end": 38
                },
                {
                    "genome_id": "NZ_JAQKIM010000005",
                    "chromosome": "1",
                    "genomic_start": 222382,
                    "genomic_end": 222413,
                    "strand": "+",
                    "aligned_sequence_gapped": "GTCGCACCCCTCACGGGGTGCGTGGATTGAAA-",
                    "vector": "111111111111111111111111111111110",
                    "conservation": "96.97%",
                    "gapped_start": 6,
                    "gapped_end": 38
                },
                {
                    "genome_id": "NZ_JAQKIQ010000001",
                    "chromosome": "1",
                    "genomic_start": 545107,
                    "genomic_end": 545138,
                    "strand": "-",
                    "aligned_sequence_gapped": "GTCGCACCCCTCACGGGGTGCGTGGATTGAAA-",
                    "vector": "111111111111111111111111111111110",
                    "conservation": "96.97%",
                    "gapped_start": 6,
                    "gapped_end": 38
                },
                {
                    "genome_id": "NZ_JAQKIR010000006",
                    "chromosome": "1",
                    "genomic_start": 116691,
                    "genomic_end": 116722,
                    "strand": "+",
                    "aligned_sequence_gapped": "GTCGCACCCCTCACGGGGTGCGTGGATTGAAA-",
                    "vector": "111111111111111111111111111111110",
                    "conservation": "96.97%",
                    "gapped_start": 6,
                    "gapped_end": 38
                },
                {
                    "genome_id": "NZ_JBCFAF010000002",
                    "chromosome": "1",
                    "genomic_start": 190570,
                    "genomic_end": 190602,
                    "strand": "+",
                    "aligned_sequence_gapped": "GTCGCACCCCTCACGGGGTGCGTGGATTGAAAT",
                    "vector": "111111111111111111111111111111111",
                    "conservation": "100.00%",
                    "gapped_start": 6,
                    "gapped_end": 38
                },
                {
                    "genome_id": "NZ_JBDMKC010000036",
                    "chromosome": "1",
                    "genomic_start": 147,
                    "genomic_end": 179,
                    "strand": "+",
                    "aligned_sequence_gapped": "GTCGCACCCCTCACGGGGTGCGTGGATTGAAAT",
                    "vector": "111111111111111111111111111111111",
                    "conservation": "100.00%",
                    "gapped_start": 6,
                    "gapped_end": 38
                },
                {
                    "genome_id": "NZ_JBDMKF010000019",
                    "chromosome": "1",
                    "genomic_start": 34112,
                    "genomic_end": 34144,
                    "strand": "+",
                    "aligned_sequence_gapped": "GTCGCACCCCTCACGGGGTGCGTGGATTGAAAT",
                    "vector": "111111111111111111111111111111111",
                    "conservation": "100.00%",
                    "gapped_start": 6,
                    "gapped_end": 38
                },
                {
                    "genome_id": "NZ_JBDMKD010000015",
                    "chromosome": "1",
                    "genomic_start": 50978,
                    "genomic_end": 51010,
                    "strand": "-",
                    "aligned_sequence_gapped": "GTCGCACCCCTCACGGGGTGCGTGGATTGAAAT",
                    "vector": "111111111111111111111111111111111",
                    "conservation": "100.00%",
                    "gapped_start": 6,
                    "gapped_end": 38
                },
                {
                    "genome_id": "NZ_JBDMKB010000018",
                    "chromosome": "1",
                    "genomic_start": 5021,
                    "genomic_end": 5053,
                    "strand": "-",
                    "aligned_sequence_gapped": "GTCGCACCCCTCACGGGGTGCGTGGATTGAAAT",
                    "vector": "111111111111111111111111111111111",
                    "conservation": "100.00%",
                    "gapped_start": 6,
                    "gapped_end": 38
                },
                {
                    "genome_id": "NZ_JBDMKE010000002",
                    "chromosome": "1",
                    "genomic_start": 132797,
                    "genomic_end": 132829,
                    "strand": "-",
                    "aligned_sequence_gapped": "GTCGCACCCCTCACGGGGTGCGTGGATTGAAAT",
                    "vector": "111111111111111111111111111111111",
                    "conservation": "100.00%",
                    "gapped_start": 6,
                    "gapped_end": 38
                },
                {
                    "genome_id": "NZ_JBDMKG010000015",
                    "chromosome": "1",
                    "genomic_start": 32721,
                    "genomic_end": 32753,
                    "strand": "+",
                    "aligned_sequence_gapped": "GTCGCACCCCTCACGGGGTGCGTGGATTGAAAT",
                    "vector": "111111111111111111111111111111111",
                    "conservation": "100.00%",
                    "gapped_start": 6,
                    "gapped_end": 38
                },
                {
                    "genome_id": "NZ_JBDOTR010000004",
                    "chromosome": "1",
                    "genomic_start": 174735,
                    "genomic_end": 174767,
                    "strand": "+",
                    "aligned_sequence_gapped": "GTCGCACCCCTCACGGGGTGCGTGGATTGAAAT",
                    "vector": "111111111111111111111111111111111",
                    "conservation": "100.00%",
                    "gapped_start": 6,
                    "gapped_end": 38
                },
                {
                    "genome_id": "NZ_JBDOTQ010000001",
                    "chromosome": "1",
                    "genomic_start": 458371,
                    "genomic_end": 458403,
                    "strand": "-",
                    "aligned_sequence_gapped": "GTCGCACCCCTCACGGGGTGCGTGGATTGAAAT",
                    "vector": "111111111111111111111111111111111",
                    "conservation": "100.00%",
                    "gapped_start": 6,
                    "gapped_end": 38
                },
                {
                    "genome_id": "NZ_JBDOUI010000002",
                    "chromosome": "1",
                    "genomic_start": 545108,
                    "genomic_end": 545139,
                    "strand": "-",
                    "aligned_sequence_gapped": "GTCGCACCCCTCACGGGGTGCGTGGATTGAAA-",
                    "vector": "111111111111111111111111111111110",
                    "conservation": "96.97%",
                    "gapped_start": 6,
                    "gapped_end": 38
                },
                {
                    "genome_id": "NZ_JAQKJP010000002",
                    "chromosome": "1",
                    "genomic_start": 545177,
                    "genomic_end": 545208,
                    "strand": "+",
                    "aligned_sequence_gapped": "GTCGCACCCCTCACGGGGTGCGTGGATTGAAA-",
                    "vector": "111111111111111111111111111111110",
                    "conservation": "96.97%",
                    "gapped_start": 6,
                    "gapped_end": 38
                },
                {
                    "genome_id": "NZ_JAQKJQ010000002",
                    "chromosome": "1",
                    "genomic_start": 545392,
                    "genomic_end": 545423,
                    "strand": "-",
                    "aligned_sequence_gapped": "GTCGCACCCCTCACGGGGTGCGTGGATTGAAA-",
                    "vector": "111111111111111111111111111111110",
                    "conservation": "96.97%",
                    "gapped_start": 6,
                    "gapped_end": 38
                },
                {
                    "genome_id": "NZ_BCXK01000011",
                    "chromosome": "1",
                    "genomic_start": 88411,
                    "genomic_end": 88443,
                    "strand": "+",
                    "aligned_sequence_gapped": "GTCGCACCCCTCACGGGGTGCGTGGATTGAAAT",
                    "vector": "111111111111111111111111111111111",
                    "conservation": "100.00%",
                    "gapped_start": 6,
                    "gapped_end": 38
                },
                {
                    "genome_id": "NZ_NAQK01000005",
                    "chromosome": "1",
                    "genomic_start": 147401,
                    "genomic_end": 147433,
                    "strand": "-",
                    "aligned_sequence_gapped": "GTCGCACCCCTCACGGGGTGCGTGGATTGAAAT",
                    "vector": "111111111111111111111111111111111",
                    "conservation": "100.00%",
                    "gapped_start": 6,
                    "gapped_end": 38
                },
                {
                    "genome_id": "NZ_QSRS01000002",
                    "chromosome": "1",
                    "genomic_start": 487676,
                    "genomic_end": 487708,
                    "strand": "+",
                    "aligned_sequence_gapped": "GTCGCACCCCTCACGGGGTGCGTGGATTGAAAT",
                    "vector": "111111111111111111111111111111111",
                    "conservation": "100.00%",
                    "gapped_start": 6,
                    "gapped_end": 38
                },
                {
                    "genome_id": "NZ_JADMYI010000002",
                    "chromosome": "1",
                    "genomic_start": 545249,
                    "genomic_end": 545280,
                    "strand": "+",
                    "aligned_sequence_gapped": "GTCGCACCCCTCACGGGGTGCGTGGATTGAAA-",
                    "vector": "111111111111111111111111111111110",
                    "conservation": "96.97%",
                    "gapped_start": 6,
                    "gapped_end": 38
                },
                {
                    "genome_id": "NZ_JADPEE010000014",
                    "chromosome": "1",
                    "genomic_start": 806,
                    "genomic_end": 838,
                    "strand": "+",
                    "aligned_sequence_gapped": "GTCGCACCCCTCACGGGGTGCGTGGATTGAAAT",
                    "vector": "111111111111111111111111111111111",
                    "conservation": "100.00%",
                    "gapped_start": 6,
                    "gapped_end": 38
                },
                {
                    "genome_id": "NZ_JAQKIS010000013",
                    "chromosome": "1",
                    "genomic_start": 3825,
                    "genomic_end": 3856,
                    "strand": "+",
                    "aligned_sequence_gapped": "GTCGCACCCCTCACGGGGTGCGTGGATTGAAA-",
                    "vector": "111111111111111111111111111111110",
                    "conservation": "96.97%",
                    "gapped_start": 6,
                    "gapped_end": 38
                },
                {
                    "genome_id": "NZ_JAQKIT010000002",
                    "chromosome": "1",
                    "genomic_start": 545108,
                    "genomic_end": 545139,
                    "strand": "-",
                    "aligned_sequence_gapped": "GTCGCACCCCTCACGGGGTGCGTGGATTGAAA-",
                    "vector": "111111111111111111111111111111110",
                    "conservation": "96.97%",
                    "gapped_start": 6,
                    "gapped_end": 38
                },
                {
                    "genome_id": "NZ_JAQKIU010000003",
                    "chromosome": "1",
                    "genomic_start": 220923,
                    "genomic_end": 220954,
                    "strand": "-",
                    "aligned_sequence_gapped": "GTCGCACCCCTCACGGGGTGCGTGGATTGAAA-",
                    "vector": "111111111111111111111111111111110",
                    "conservation": "96.97%",
                    "gapped_start": 6,
                    "gapped_end": 38
                },
                {
                    "genome_id": "NZ_JAQKJM010000002",
                    "chromosome": "1",
                    "genomic_start": 545245,
                    "genomic_end": 545276,
                    "strand": "-",
                    "aligned_sequence_gapped": "GTCGCACCCCTCACGGGGTGCGTGGATTGAAA-",
                    "vector": "111111111111111111111111111111110",
                    "conservation": "96.97%",
                    "gapped_start": 6,
                    "gapped_end": 38
                },
                {
                    "genome_id": "NZ_JAQKJL010000002",
                    "chromosome": "1",
                    "genomic_start": 545112,
                    "genomic_end": 545143,
                    "strand": "+",
                    "aligned_sequence_gapped": "GTCGCACCCCTCACGGGGTGCGTGGATTGAAA-",
                    "vector": "111111111111111111111111111111110",
                    "conservation": "96.97%",
                    "gapped_start": 6,
                    "gapped_end": 38
                },
                {
                    "genome_id": "NZ_JAQKJK010000002",
                    "chromosome": "1",
                    "genomic_start": 545249,
                    "genomic_end": 545280,
                    "strand": "+",
                    "aligned_sequence_gapped": "GTCGCACCCCTCACGGGGTGCGTGGATTGAAA-",
                    "vector": "111111111111111111111111111111110",
                    "conservation": "96.97%",
                    "gapped_start": 6,
                    "gapped_end": 38
                },
                {
                    "genome_id": "NZ_JAQKJR010000002",
                    "chromosome": "1",
                    "genomic_start": 545249,
                    "genomic_end": 545280,
                    "strand": "+",
                    "aligned_sequence_gapped": "GTCGCACCCCTCACGGGGTGCGTGGATTGAAA-",
                    "vector": "111111111111111111111111111111110",
                    "conservation": "96.97%",
                    "gapped_start": 6,
                    "gapped_end": 38
                },
                {
                    "genome_id": "NZ_JAQKJT010000002",
                    "chromosome": "1",
                    "genomic_start": 545117,
                    "genomic_end": 545148,
                    "strand": "-",
                    "aligned_sequence_gapped": "GTCGCACCCCTCACGGGGTGCGTGGATTGAAA-",
                    "vector": "111111111111111111111111111111110",
                    "conservation": "96.97%",
                    "gapped_start": 6,
                    "gapped_end": 38
                },
                {
                    "genome_id": "NZ_JAQKJN010000001",
                    "chromosome": "1",
                    "genomic_start": 545114,
                    "genomic_end": 545145,
                    "strand": "+",
                    "aligned_sequence_gapped": "GTCGCACCCCTCACGGGGTGCGTGGATTGAAA-",
                    "vector": "111111111111111111111111111111110",
                    "conservation": "96.97%",
                    "gapped_start": 6,
                    "gapped_end": 38
                },
                {
                    "genome_id": "NZ_JAQKJS010000001",
                    "chromosome": "1",
                    "genomic_start": 545118,
                    "genomic_end": 545149,
                    "strand": "+",
                    "aligned_sequence_gapped": "GTCGCACCCCTCACGGGGTGCGTGGATTGAAA-",
                    "vector": "111111111111111111111111111111110",
                    "conservation": "96.97%",
                    "gapped_start": 6,
                    "gapped_end": 38
                },
                {
                    "genome_id": "NZ_JAQKIO010000014",
                    "chromosome": "1",
                    "genomic_start": 2948,
                    "genomic_end": 2979,
                    "strand": "+",
                    "aligned_sequence_gapped": "GTCGCACCCCTCACGGGGTGCGTGGATTGAAA-",
                    "vector": "111111111111111111111111111111110",
                    "conservation": "96.97%",
                    "gapped_start": 6,
                    "gapped_end": 38
                },
                {
                    "genome_id": "NZ_JAQKJO010000002",
                    "chromosome": "1",
                    "genomic_start": 544857,
                    "genomic_end": 544888,
                    "strand": "+",
                    "aligned_sequence_gapped": "GTCGCACCCCTCACGGGGTGCGTGGATTGAAA-",
                    "vector": "111111111111111111111111111111110",
                    "conservation": "96.97%",
                    "gapped_start": 6,
                    "gapped_end": 38
                },
                {
                    "genome_id": "NZ_JAQKJJ010000002",
                    "chromosome": "1",
                    "genomic_start": 545249,
                    "genomic_end": 545280,
                    "strand": "-",
                    "aligned_sequence_gapped": "GTCGCACCCCTCACGGGGTGCGTGGATTGAAA-",
                    "vector": "111111111111111111111111111111110",
                    "conservation": "96.97%",
                    "gapped_start": 6,
                    "gapped_end": 38
                }
            ]
        }
    }
]